smiles,quantified_delivery
CCCCC/C=C\C/C=C\CCCCCCCCOC(=O)CCCC1(CCCC(=O)OCCCCCCCC/C=C\C/C=C\CCCCC)C=NC(C(=O)OC)N1CCN1CCCC1,1.537602002
CCCCC/C=C\C/C=C\CCCCCCCCOC(=O)CCCC1(CCCC(=O)OCCCCCCCC/C=C\C/C=C\CCCCC)C=NC(C(=O)OCC)N1CCN1CCCC1,2.813077893
CCCCC/C=C\C/C=C\CCCCCCCCOC(=O)CCCC1(CCCC(=O)OCCCCCCCC/C=C\C/C=C\CCCCC)C=NC(C(=O)OC(C)(C)C)N1CCN1CCCC1,2.660986911
CCCCC/C=C\C/C=C\CCCCCCCCOC(=O)CCCC(C=NC(C)(C)C)(CCCC(=O)OCCCCCCCC/C=C\C/C=C\CCCCC)NCCN1CCCC1,0.993533958
CCCCC/C=C\C/C=C\CCCCCCCCOC(=O)CCCC(C=NCCCC)(CCCC(=O)OCCCCCCCC/C=C\C/C=C\CCCCC)NCCN1CCCC1,1.391473966
CCCCC/C=C\C/C=C\CCCCCCCCOC(=O)CCCC(C=NC1CCCCC1)(CCCC(=O)OCCCCCCCC/C=C\C/C=C\CCCCC)NCCN1CCCC1,0.692503962
CCCCCCCC/C=C\CCCCCCCCOC(=O)CCCC1(CCCC(=O)OCCCCCCCC/C=C\CCCCCCCC)C=NC(C(=O)OC)N1CCN1CCCC1,2.653925056
CCCCCCCC/C=C\CCCCCCCCOC(=O)CCCC1(CCCC(=O)OCCCCCCCC/C=C\CCCCCCCC)C=NC(C(=O)OCC)N1CCN1CCCC1,2.139661993
CCCCCCCC/C=C\CCCCCCCCOC(=O)CCCC1(CCCC(=O)OCCCCCCCC/C=C\CCCCCCCC)C=NC(C(=O)OC(C)(C)C)N1CCN1CCCC1,2.484895652
CCCCCCCC/C=C\CCCCCCCCOC(=O)CCCC(C=NC(C)(C)C)(CCCC(=O)OCCCCCCCC/C=C\CCCCCCCC)NCCN1CCCC1,1.236572006
CCCCCCCC/C=C\CCCCCCCCOC(=O)CCCC(C=NCCCC)(CCCC(=O)OCCCCCCCC/C=C\CCCCCCCC)NCCN1CCCC1,1.236572006
CCCCCCCC/C=C\CCCCCCCCOC(=O)CCCC(C=NC1CCCCC1)(CCCC(=O)OCCCCCCCC/C=C\CCCCCCCC)NCCN1CCCC1,1.236572006
CCCCCCC#CCCOC(=O)CCCC1(CCCC(=O)OCCC#CCCCCCC)C=NC(C(=O)OC)N1CCN1CCCC1,1.090443971
CCCCCCC#CCCOC(=O)CCCC1(CCCC(=O)OCCC#CCCCCCC)C=NC(C(=O)OCC)N1CCN1CCCC1,1.236572006
CCCCCCC#CCCOC(=O)CCCC1(CCCC(=O)OCCC#CCCCCCC)C=NC(C(=O)OC(C)(C)C)N1CCN1CCCC1,1.236572006
CCCCCCC#CCCOC(=O)CCCC(C=NC(C)(C)C)(CCCC(=O)OCCC#CCCCCCC)NCCN1CCCC1,2.99892899
CCCCCCC#CCCOC(=O)CCCC(C=NCCCC)(CCCC(=O)OCCC#CCCCCCC)NCCN1CCCC1,2.733896647
CCCCCCC#CCCOC(=O)CCCC(C=NC1CCCCC1)(CCCC(=O)OCCC#CCCCCCC)NCCN1CCCC1,2.26653523
CCCCCCCC/C=C\CCCCCCCCOC(=O)CCCC1(CCCC(=O)OC(CCCCCCCC)CCCCCCCC)C=NC(C(=O)OC)N1CCN1CCCC1,0.391473966
CCCCCCCC/C=C\CCCCCCCCOC(=O)CCCC1(CCCC(=O)OC(CCCCCCCC)CCCCCCCC)C=NC(C(=O)OCC)N1CCN1CCCC1,1.391473966
CCCCCCCC/C=C\CCCCCCCCOC(=O)CCCC1(CCCC(=O)OC(CCCCCCCC)CCCCCCCC)C=NC(C(=O)OC(C)(C)C)N1CCN1CCCC1,1.646746472
CCCCCCCC/C=C\CCCCCCCCOC(=O)CCCC(C=NC(C)(C)C)(CCCC(=O)OC(CCCCCCCC)CCCCCCCC)NCCN1CCCC1,1.236572006
CCCCCCCC/C=C\CCCCCCCCOC(=O)CCCC(C=NCCCC)(CCCC(=O)OC(CCCCCCCC)CCCCCCCC)NCCN1CCCC1,0.692503962
CCCCCCCC/C=C\CCCCCCCCOC(=O)CCCC(C=NC1CCCCC1)(CCCC(=O)OC(CCCCCCCC)CCCCCCCC)NCCN1CCCC1,1.169625217
CCCCCCC#CCCOC(=O)CCCC1(CCCC(=O)OCCCCCCCC/C=C\CCCCCCCC)C=NC(C(=O)OC)N1CCN1CCCC1,2.821226246
CCCCCCC#CCCOC(=O)CCCC1(CCCC(=O)OCCCCCCCC/C=C\CCCCCCCC)C=NC(C(=O)OCC)N1CCN1CCCC1,2.99892899
CCCCCCC#CCCOC(=O)CCCC1(CCCC(=O)OCCCCCCCC/C=C\CCCCCCCC)C=NC(C(=O)OC(C)(C)C)N1CCN1CCCC1,2.936781083
CCCCCCC#CCCOC(=O)CCCC(C=NC(C)(C)C)(CCCC(=O)OCCCCCCCC/C=C\CCCCCCCC)NCCN1CCCC1,1.236572006
CCCCCCC#CCCOC(=O)CCCC(C=NCCCC)(CCCC(=O)OCCCCCCCC/C=C\CCCCCCCC)NCCN1CCCC1,0.391473966
CCCCCCC#CCCOC(=O)CCCC(C=NC1CCCCC1)(CCCC(=O)OCCCCCCCC/C=C\CCCCCCCC)NCCN1CCCC1,0.391473966
CCCCCCCCCCCCOC(=O)CCCC1(CCCC(=O)OCCCCCCCCCCCC)C=NC(C(=O)OC)N1CCN1CCCC1,1.236572006
CCCCCCCCCCCCOC(=O)CCCC1(CCCC(=O)OCCCCCCCCCCCC)C=NC(C(=O)OCC)N1CCN1CCCC1,1.391473966
CCCCCCCCCCCCOC(=O)CCCC1(CCCC(=O)OCCCCCCCCCCCC)C=NC(C(=O)OC(C)(C)C)N1CCN1CCCC1,2.99892899
CCCCCCCCCCCCOC(=O)CCCC(C=NC(C)(C)C)(CCCC(=O)OCCCCCCCCCCCC)NCCN1CCCC1,1.236572006
CCCCCCCCCCCCOC(=O)CCCC(C=NCCCC)(CCCC(=O)OCCCCCCCCCCCC)NCCN1CCCC1,1.236572006
CCCCCCCCCCCCOC(=O)CCCC(C=NC1CCCCC1)(CCCC(=O)OCCCCCCCCCCCC)NCCN1CCCC1,1.236572006
CCCCCCCCC(CCCCCCCC)OC(=O)CCCC1(CCCC(=O)OC(CCCCCCCC)CCCCCCCC)C=NC(C(=O)OC)N1CCN1CCCC1,1.236572006
CCCCCCCCC(CCCCCCCC)OC(=O)CCCC1(CCCC(=O)OC(CCCCCCCC)CCCCCCCC)C=NC(C(=O)OCC)N1CCN1CCCC1,1.236572006
CCCCCCCCC(CCCCCCCC)OC(=O)CCCC1(CCCC(=O)OC(CCCCCCCC)CCCCCCCC)C=NC(C(=O)OC(C)(C)C)N1CCN1CCCC1,1.236572006
CCCCCCCCC(CCCCCCCC)OC(=O)CCCC(C=NC(C)(C)C)(CCCC(=O)OC(CCCCCCCC)CCCCCCCC)NCCN1CCCC1,1.236572006
CCCCCCCCC(CCCCCCCC)OC(=O)CCCC(C=NCCCC)(CCCC(=O)OC(CCCCCCCC)CCCCCCCC)NCCN1CCCC1,0.391473966
CCCCCCCCC(CCCCCCCC)OC(=O)CCCC(C=NC1CCCCC1)(CCCC(=O)OC(CCCCCCCC)CCCCCCCC)NCCN1CCCC1,0.391473966
CCCCCCCC/C=C\CCCCCCCC1(CCCCCCC/C=C\CCCCCCCC)C=NC(C(=O)OC)N1CCN1CCCC1,1.236572006
CCCCCCCC/C=C\CCCCCCCC1(CCCCCCC/C=C\CCCCCCCC)C=NC(C(=O)OCC)N1CCN1CCCC1,1.236572006
CCCCCCCC/C=C\CCCCCCCC1(CCCCCCC/C=C\CCCCCCCC)C=NC(C(=O)OC(C)(C)C)N1CCN1CCCC1,1.236572006
CCCCCCCC/C=C\CCCCCCCC(C=NC(C)(C)C)(CCCCCCC/C=C\CCCCCCCC)NCCN1CCCC1,1.294563953
CCCCCCCC/C=C\CCCCCCCC(C=NCCCC)(CCCCCCC/C=C\CCCCCCCC)NCCN1CCCC1,1.236572006
CCCCCCCC/C=C\CCCCCCCC(C=NC1CCCCC1)(CCCCCCC/C=C\CCCCCCCC)NCCN1CCCC1,1.236572006
CCCCC/C=C\C/C=C\CCCCCCCCOC(=O)CCCC1(CCCC(=O)OCCCCCCCC/C=C\C/C=C\CCCCC)C=NC(C(=O)OC)N1CCN1CCCCC1,2.44455241
CCCCC/C=C\C/C=C\CCCCCCCCOC(=O)CCCC1(CCCC(=O)OCCCCCCCC/C=C\C/C=C\CCCCC)C=NC(C(=O)OCC)N1CCN1CCCCC1,2.775289332
CCCCC/C=C\C/C=C\CCCCCCCCOC(=O)CCCC1(CCCC(=O)OCCCCCCCC/C=C\C/C=C\CCCCC)C=NC(C(=O)OC(C)(C)C)N1CCN1CCCCC1,2.190814516
CCCCC/C=C\C/C=C\CCCCCCCCOC(=O)CCCC(C=NC(C)(C)C)(CCCC(=O)OCCCCCCCC/C=C\C/C=C\CCCCC)NCCN1CCCCC1,1.090443971
CCCCC/C=C\C/C=C\CCCCCCCCOC(=O)CCCC(C=NCCCC)(CCCC(=O)OCCCCCCCC/C=C\C/C=C\CCCCC)NCCN1CCCCC1,0.692503962
CCCCC/C=C\C/C=C\CCCCCCCCOC(=O)CCCC(C=NC1CCCCC1)(CCCC(=O)OCCCCCCCC/C=C\C/C=C\CCCCC)NCCN1CCCCC1,1.236572006
CCCCCCCC/C=C\CCCCCCCCOC(=O)CCCC1(CCCC(=O)OCCCCCCCC/C=C\CCCCCCCC)C=NC(C(=O)OC)N1CCN1CCCCC1,2.289101058
CCCCCCCC/C=C\CCCCCCCCOC(=O)CCCC1(CCCC(=O)OCCCCCCCC/C=C\CCCCCCCC)C=NC(C(=O)OCC)N1CCN1CCCCC1,1.922952883
CCCCCCCC/C=C\CCCCCCCCOC(=O)CCCC1(CCCC(=O)OCCCCCCCC/C=C\CCCCCCCC)C=NC(C(=O)OC(C)(C)C)N1CCN1CCCCC1,1.470655212
CCCCCCCC/C=C\CCCCCCCCOC(=O)CCCC(C=NC(C)(C)C)(CCCC(=O)OCCCCCCCC/C=C\CCCCCCCC)NCCN1CCCCC1,1.236572006
CCCCCCCC/C=C\CCCCCCCCOC(=O)CCCC(C=NCCCC)(CCCC(=O)OCCCCCCCC/C=C\CCCCCCCC)NCCN1CCCCC1,0.993533958
CCCCCCCC/C=C\CCCCCCCCOC(=O)CCCC(C=NC1CCCCC1)(CCCC(=O)OCCCCCCCC/C=C\CCCCCCCC)NCCN1CCCCC1,0.868595221
CCCCCCC#CCCOC(=O)CCCC1(CCCC(=O)OCCC#CCCCCCC)C=NC(C(=O)OC)N1CCN1CCCCC1,1.621922888
CCCCCCC#CCCOC(=O)CCCC1(CCCC(=O)OCCC#CCCCCCC)C=NC(C(=O)OCC)N1CCN1CCCCC1,1.090443971
CCCCCCC#CCCOC(=O)CCCC1(CCCC(=O)OCCC#CCCCCCC)C=NC(C(=O)OC(C)(C)C)N1CCN1CCCCC1,1.236572006
CCCCCCC#CCCOC(=O)CCCC(C=NC(C)(C)C)(CCCC(=O)OCCC#CCCCCCC)NCCN1CCCCC1,1.88283566
CCCCCCC#CCCOC(=O)CCCC(C=NCCCC)(CCCC(=O)OCCC#CCCCCCC)NCCN1CCCCC1,2.731918081
CCCCCCC#CCCOC(=O)CCCC(C=NC1CCCCC1)(CCCC(=O)OCCC#CCCCCCC)NCCN1CCCCC1,1.236572006
CCCCCCCC/C=C\CCCCCCCCOC(=O)CCCC1(CCCC(=O)OC(CCCCCCCC)CCCCCCCC)C=NC(C(=O)OC)N1CCN1CCCCC1,1.713693261
CCCCCCCC/C=C\CCCCCCCCOC(=O)CCCC1(CCCC(=O)OC(CCCCCCCC)CCCCCCCC)C=NC(C(=O)OCC)N1CCN1CCCCC1,1.236572006
CCCCCCCC/C=C\CCCCCCCCOC(=O)CCCC1(CCCC(=O)OC(CCCCCCCC)CCCCCCCC)C=NC(C(=O)OC(C)(C)C)N1CCN1CCCCC1,1.169625217
CCCCCCCC/C=C\CCCCCCCCOC(=O)CCCC(C=NC(C)(C)C)(CCCC(=O)OC(CCCCCCCC)CCCCCCCC)NCCN1CCCCC1,0.391473966
CCCCCCCC/C=C\CCCCCCCCOC(=O)CCCC(C=NCCCC)(CCCC(=O)OC(CCCCCCCC)CCCCCCCC)NCCN1CCCCC1,0.993533958
CCCCCCCC/C=C\CCCCCCCCOC(=O)CCCC(C=NC1CCCCC1)(CCCC(=O)OC(CCCCCCCC)CCCCCCCC)NCCN1CCCCC1,1.169625217
CCCCCCC#CCCOC(=O)CCCC1(CCCC(=O)OCCCCCCCC/C=C\CCCCCCCC)C=NC(C(=O)OC)N1CCN1CCCCC1,1.236572006
CCCCCCC#CCCOC(=O)CCCC1(CCCC(=O)OCCCCCCCC/C=C\CCCCCCCC)C=NC(C(=O)OCC)N1CCN1CCCCC1,2.692503962
CCCCCCC#CCCOC(=O)CCCC1(CCCC(=O)OCCCCCCCC/C=C\CCCCCCCC)C=NC(C(=O)OC(C)(C)C)N1CCN1CCCCC1,1.236572006
CCCCCCC#CCCOC(=O)CCCC(C=NC(C)(C)C)(CCCC(=O)OCCCCCCCC/C=C\CCCCCCCC)NCCN1CCCCC1,1.236572006
CCCCCCC#CCCOC(=O)CCCC(C=NCCCC)(CCCC(=O)OCCCCCCCC/C=C\CCCCCCCC)NCCN1CCCCC1,1.236572006
CCCCCCC#CCCOC(=O)CCCC(C=NC1CCCCC1)(CCCC(=O)OCCCCCCCC/C=C\CCCCCCCC)NCCN1CCCCC1,1.090443971
CCCCCCCCCCCCOC(=O)CCCC1(CCCC(=O)OCCCCCCCCCCCC)C=NC(C(=O)OC)N1CCN1CCCCC1,1.236572006
CCCCCCCCCCCCOC(=O)CCCC1(CCCC(=O)OCCCCCCCCCCCC)C=NC(C(=O)OCC)N1CCN1CCCCC1,1.236572006
CCCCCCCCCCCCOC(=O)CCCC1(CCCC(=O)OCCCCCCCCCCCC)C=NC(C(=O)OC(C)(C)C)N1CCN1CCCCC1,2.378245701
CCCCCCCCCCCCOC(=O)CCCC(C=NC(C)(C)C)(CCCC(=O)OCCCCCCCCCCCC)NCCN1CCCCC1,1.391473966
CCCCCCCCCCCCOC(=O)CCCC(C=NCCCC)(CCCC(=O)OCCCCCCCCCCCC)NCCN1CCCCC1,0.868595221
CCCCCCCCCCCCOC(=O)CCCC(C=NC1CCCCC1)(CCCC(=O)OCCCCCCCCCCCC)NCCN1CCCCC1,1.236572006
CCCCCCCCC(CCCCCCCC)OC(=O)CCCC1(CCCC(=O)OC(CCCCCCCC)CCCCCCCC)C=NC(C(=O)OC)N1CCN1CCCCC1,0.391473966
CCCCCCCCC(CCCCCCCC)OC(=O)CCCC1(CCCC(=O)OC(CCCCCCCC)CCCCCCCC)C=NC(C(=O)OCC)N1CCN1CCCCC1,1.090443971
CCCCCCCCC(CCCCCCCC)OC(=O)CCCC1(CCCC(=O)OC(CCCCCCCC)CCCCCCCC)C=NC(C(=O)OC(C)(C)C)N1CCN1CCCCC1,1.236572006
CCCCCCCCC(CCCCCCCC)OC(=O)CCCC(C=NC(C)(C)C)(CCCC(=O)OC(CCCCCCCC)CCCCCCCC)NCCN1CCCCC1,1.236572006
CCCCCCCCC(CCCCCCCC)OC(=O)CCCC(C=NCCCC)(CCCC(=O)OC(CCCCCCCC)CCCCCCCC)NCCN1CCCCC1,1.236572006
CCCCCCCCC(CCCCCCCC)OC(=O)CCCC(C=NC1CCCCC1)(CCCC(=O)OC(CCCCCCCC)CCCCCCCC)NCCN1CCCCC1,0.391473966
CCCCCCCC/C=C\CCCCCCCC1(CCCCCCC/C=C\CCCCCCCC)C=NC(C(=O)OC)N1CCN1CCCCC1,0.868595221
CCCCCCCC/C=C\CCCCCCCC1(CCCCCCC/C=C\CCCCCCCC)C=NC(C(=O)OCC)N1CCN1CCCCC1,0.868595221
CCCCCCCC/C=C\CCCCCCCC1(CCCCCCC/C=C\CCCCCCCC)C=NC(C(=O)OC(C)(C)C)N1CCN1CCCCC1,1.236572006
CCCCCCCC/C=C\CCCCCCCC(C=NC(C)(C)C)(CCCCCCC/C=C\CCCCCCCC)NCCN1CCCCC1,0.692503962
CCCCCCCC/C=C\CCCCCCCC(C=NCCCC)(CCCCCCC/C=C\CCCCCCCC)NCCN1CCCCC1,1.236572006
CCCCCCCC/C=C\CCCCCCCC(C=NC1CCCCC1)(CCCCCCC/C=C\CCCCCCCC)NCCN1CCCCC1,0.868595221
CCCCC/C=C\C/C=C\CCCCCCCCOC(=O)CCCC1(CCCC(=O)OCCCCCCCC/C=C\C/C=C\CCCCC)C=NC(C(=O)OC)N1CCCN1CCCCC1CC,1.868595221
CCCCC/C=C\C/C=C\CCCCCCCCOC(=O)CCCC1(CCCC(=O)OCCCCCCCC/C=C\C/C=C\CCCCC)C=NC(C(=O)OCC)N1CCCN1CCCCC1CC,1.922952883
CCCCC/C=C\C/C=C\CCCCCCCCOC(=O)CCCC1(CCCC(=O)OCCCCCCCC/C=C\C/C=C\CCCCC)C=NC(C(=O)OC(C)(C)C)N1CCCN1CCCCC1CC,1.236572006
CCCCC/C=C\C/C=C\CCCCCCCCOC(=O)CCCC(C=NC(C)(C)C)(CCCC(=O)OCCCCCCCC/C=C\C/C=C\CCCCC)NCCCN1CCCCC1CC,1.236572006
CCCCC/C=C\C/C=C\CCCCCCCCOC(=O)CCCC(C=NCCCC)(CCCC(=O)OCCCCCCCC/C=C\C/C=C\CCCCC)NCCCN1CCCCC1CC,1.236572006
CCCCC/C=C\C/C=C\CCCCCCCCOC(=O)CCCC(C=NC1CCCCC1)(CCCC(=O)OCCCCCCCC/C=C\C/C=C\CCCCC)NCCCN1CCCCC1CC,1.236572006
CCCCCCCC/C=C\CCCCCCCCOC(=O)CCCC1(CCCC(=O)OCCCCCCCC/C=C\CCCCCCCC)C=NC(C(=O)OC)N1CCCN1CCCCC1CC,2.325972418
CCCCCCCC/C=C\CCCCCCCCOC(=O)CCCC1(CCCC(=O)OCCCCCCCC/C=C\CCCCCCCC)C=NC(C(=O)OCC)N1CCCN1CCCCC1CC,2.15490196
CCCCCCCC/C=C\CCCCCCCCOC(=O)CCCC1(CCCC(=O)OCCCCCCCC/C=C\CCCCCCCC)C=NC(C(=O)OC(C)(C)C)N1CCCN1CCCCC1CC,1.236572006
CCCCCCCC/C=C\CCCCCCCCOC(=O)CCCC(C=NC(C)(C)C)(CCCC(=O)OCCCCCCCC/C=C\CCCCCCCC)NCCCN1CCCCC1CC,1.090443971
CCCCCCCC/C=C\CCCCCCCCOC(=O)CCCC(C=NCCCC)(CCCC(=O)OCCCCCCCC/C=C\CCCCCCCC)NCCCN1CCCCC1CC,1.391473966
CCCCCCCC/C=C\CCCCCCCCOC(=O)CCCC(C=NC1CCCCC1)(CCCC(=O)OCCCCCCCC/C=C\CCCCCCCC)NCCCN1CCCCC1CC,1.236572006
CCCCCCC#CCCOC(=O)CCCC1(CCCC(=O)OCCC#CCCCCCC)C=NC(C(=O)OC)N1CCCN1CCCCC1CC,0.993533958
CCCCCCC#CCCOC(=O)CCCC1(CCCC(=O)OCCC#CCCCCCC)C=NC(C(=O)OCC)N1CCCN1CCCCC1CC,1.236572006
CCCCCCC#CCCOC(=O)CCCC1(CCCC(=O)OCCC#CCCCCCC)C=NC(C(=O)OC(C)(C)C)N1CCCN1CCCCC1CC,0.692503962
CCCCCCC#CCCOC(=O)CCCC(C=NC(C)(C)C)(CCCC(=O)OCCC#CCCCCCC)NCCCN1CCCCC1CC,1.236572006
CCCCCCC#CCCOC(=O)CCCC(C=NCCCC)(CCCC(=O)OCCC#CCCCCCC)NCCCN1CCCCC1CC,0.993533958
CCCCCCC#CCCOC(=O)CCCC(C=NC1CCCCC1)(CCCC(=O)OCCC#CCCCCCC)NCCCN1CCCCC1CC,1.236572006
CCCCCCCC/C=C\CCCCCCCCOC(=O)CCCC1(CCCC(=O)OC(CCCCCCCC)CCCCCCCC)C=NC(C(=O)OC)N1CCCN1CCCCC1CC,1.470655212
CCCCCCCC/C=C\CCCCCCCCOC(=O)CCCC1(CCCC(=O)OC(CCCCCCCC)CCCCCCCC)C=NC(C(=O)OCC)N1CCCN1CCCCC1CC,1.236572006
CCCCCCCC/C=C\CCCCCCCCOC(=O)CCCC1(CCCC(=O)OC(CCCCCCCC)CCCCCCCC)C=NC(C(=O)OC(C)(C)C)N1CCCN1CCCCC1CC,0.391473966
CCCCCCCC/C=C\CCCCCCCCOC(=O)CCCC(C=NC(C)(C)C)(CCCC(=O)OC(CCCCCCCC)CCCCCCCC)NCCCN1CCCCC1CC,0.993533958
CCCCCCCC/C=C\CCCCCCCCOC(=O)CCCC(C=NCCCC)(CCCC(=O)OC(CCCCCCCC)CCCCCCCC)NCCCN1CCCCC1CC,1.090443971
CCCCCCCC/C=C\CCCCCCCCOC(=O)CCCC(C=NC1CCCCC1)(CCCC(=O)OC(CCCCCCCC)CCCCCCCC)NCCCN1CCCCC1CC,1.236572006
CCCCCCC#CCCOC(=O)CCCC1(CCCC(=O)OCCCCCCCC/C=C\CCCCCCCC)C=NC(C(=O)OC)N1CCCN1CCCCC1CC,1.537602002
CCCCCCC#CCCOC(=O)CCCC1(CCCC(=O)OCCCCCCCC/C=C\CCCCCCCC)C=NC(C(=O)OCC)N1CCCN1CCCCC1CC,1.294563953
CCCCCCC#CCCOC(=O)CCCC1(CCCC(=O)OCCCCCCCC/C=C\CCCCCCCC)C=NC(C(=O)OC(C)(C)C)N1CCCN1CCCCC1CC,0.993533958
CCCCCCC#CCCOC(=O)CCCC(C=NC(C)(C)C)(CCCC(=O)OCCCCCCCC/C=C\CCCCCCCC)NCCCN1CCCCC1CC,1.236572006
CCCCCCC#CCCOC(=O)CCCC(C=NCCCC)(CCCC(=O)OCCCCCCCC/C=C\CCCCCCCC)NCCCN1CCCCC1CC,1.391473966
CCCCCCC#CCCOC(=O)CCCC(C=NC1CCCCC1)(CCCC(=O)OCCCCCCCC/C=C\CCCCCCCC)NCCCN1CCCCC1CC,1.236572006
CCCCCCCCCCCCOC(=O)CCCC1(CCCC(=O)OCCCCCCCCCCCC)C=NC(C(=O)OC)N1CCCN1CCCCC1CC,2.884234355
CCCCCCCCCCCCOC(=O)CCCC1(CCCC(=O)OCCCCCCCCCCCC)C=NC(C(=O)OCC)N1CCCN1CCCCC1CC,2.941702319
CCCCCCCCCCCCOC(=O)CCCC1(CCCC(=O)OCCCCCCCCCCCC)C=NC(C(=O)OC(C)(C)C)N1CCCN1CCCCC1CC,1.294563953
CCCCCCCCCCCCOC(=O)CCCC(C=NC(C)(C)C)(CCCC(=O)OCCCCCCCCCCCC)NCCCN1CCCCC1CC,1.236572006
CCCCCCCCCCCCOC(=O)CCCC(C=NCCCC)(CCCC(=O)OCCCCCCCCCCCC)NCCCN1CCCCC1CC,1.236572006
CCCCCCCCCCCCOC(=O)CCCC(C=NC1CCCCC1)(CCCC(=O)OCCCCCCCCCCCC)NCCCN1CCCCC1CC,0.391473966
CCCCCCCCC(CCCCCCCC)OC(=O)CCCC1(CCCC(=O)OC(CCCCCCCC)CCCCCCCC)C=NC(C(=O)OC)N1CCCN1CCCCC1CC,1.236572006
CCCCCCCCC(CCCCCCCC)OC(=O)CCCC1(CCCC(=O)OC(CCCCCCCC)CCCCCCCC)C=NC(C(=O)OCC)N1CCCN1CCCCC1CC,1.090443971
CCCCCCCCC(CCCCCCCC)OC(=O)CCCC1(CCCC(=O)OC(CCCCCCCC)CCCCCCCC)C=NC(C(=O)OC(C)(C)C)N1CCCN1CCCCC1CC,1.236572006
CCCCCCCCC(CCCCCCCC)OC(=O)CCCC(C=NC(C)(C)C)(CCCC(=O)OC(CCCCCCCC)CCCCCCCC)NCCCN1CCCCC1CC,1.236572006
CCCCCCCCC(CCCCCCCC)OC(=O)CCCC(C=NCCCC)(CCCC(=O)OC(CCCCCCCC)CCCCCCCC)NCCCN1CCCCC1CC,1.236572006
CCCCCCCCC(CCCCCCCC)OC(=O)CCCC(C=NC1CCCCC1)(CCCC(=O)OC(CCCCCCCC)CCCCCCCC)NCCCN1CCCCC1CC,1.090443971
CCCCCCCC/C=C\CCCCCCCC1(CCCCCCC/C=C\CCCCCCCC)C=NC(C(=O)OC)N1CCCN1CCCCC1CC,1.294563953
CCCCCCCC/C=C\CCCCCCCC1(CCCCCCC/C=C\CCCCCCCC)C=NC(C(=O)OCC)N1CCCN1CCCCC1CC,1.236572006
CCCCCCCC/C=C\CCCCCCCC1(CCCCCCC/C=C\CCCCCCCC)C=NC(C(=O)OC(C)(C)C)N1CCCN1CCCCC1CC,0.993533958
CCCCCCCC/C=C\CCCCCCCC(C=NC(C)(C)C)(CCCCCCC/C=C\CCCCCCCC)NCCCN1CCCCC1CC,1.236572006
CCCCCCCC/C=C\CCCCCCCC(C=NCCCC)(CCCCCCC/C=C\CCCCCCCC)NCCCN1CCCCC1CC,1.090443971
CCCCCCCC/C=C\CCCCCCCC(C=NC1CCCCC1)(CCCCCCC/C=C\CCCCCCCC)NCCCN1CCCCC1CC,1.236572006
CCCCC/C=C\C/C=C\CCCCCCCCOC(=O)CCCC1(CCCC(=O)OCCCCCCCC/C=C\C/C=C\CCCCC)C=NC(C(=O)OC)N1CCN1CCS(=O)(=O)CC1,1.236572006
CCCCC/C=C\C/C=C\CCCCCCCCOC(=O)CCCC1(CCCC(=O)OCCCCCCCC/C=C\C/C=C\CCCCC)C=NC(C(=O)OCC)N1CCN1CCS(=O)(=O)CC1,1.236572006
CCCCC/C=C\C/C=C\CCCCCCCCOC(=O)CCCC1(CCCC(=O)OCCCCCCCC/C=C\C/C=C\CCCCC)C=NC(C(=O)OC(C)(C)C)N1CCN1CCS(=O)(=O)CC1,1.169625217
CCCCC/C=C\C/C=C\CCCCCCCCOC(=O)CCCC(C=NC(C)(C)C)(CCCC(=O)OCCCCCCCC/C=C\C/C=C\CCCCC)NCCN1CCS(=O)(=O)CC1,1.090443971
CCCCC/C=C\C/C=C\CCCCCCCCOC(=O)CCCC(C=NCCCC)(CCCC(=O)OCCCCCCCC/C=C\C/C=C\CCCCC)NCCN1CCS(=O)(=O)CC1,0.692503962
CCCCC/C=C\C/C=C\CCCCCCCCOC(=O)CCCC(C=NC1CCCCC1)(CCCC(=O)OCCCCCCCC/C=C\C/C=C\CCCCC)NCCN1CCS(=O)(=O)CC1,0.993533958
CCCCCCCC/C=C\CCCCCCCCOC(=O)CCCC1(CCCC(=O)OCCCCCCCC/C=C\CCCCCCCC)C=NC(C(=O)OC)N1CCN1CCS(=O)(=O)CC1,2.014723257
CCCCCCCC/C=C\CCCCCCCCOC(=O)CCCC1(CCCC(=O)OCCCCCCCC/C=C\CCCCCCCC)C=NC(C(=O)OCC)N1CCN1CCS(=O)(=O)CC1,2.014723257
CCCCCCCC/C=C\CCCCCCCCOC(=O)CCCC1(CCCC(=O)OCCCCCCCC/C=C\CCCCCCCC)C=NC(C(=O)OC(C)(C)C)N1CCN1CCS(=O)(=O)CC1,1.294563953
CCCCCCCC/C=C\CCCCCCCCOC(=O)CCCC(C=NC(C)(C)C)(CCCC(=O)OCCCCCCCC/C=C\CCCCCCCC)NCCN1CCS(=O)(=O)CC1,1.236572006
CCCCCCCC/C=C\CCCCCCCCOC(=O)CCCC(C=NCCCC)(CCCC(=O)OCCCCCCCC/C=C\CCCCCCCC)NCCN1CCS(=O)(=O)CC1,1.236572006
CCCCCCCC/C=C\CCCCCCCCOC(=O)CCCC(C=NC1CCCCC1)(CCCC(=O)OCCCCCCCC/C=C\CCCCCCCC)NCCN1CCS(=O)(=O)CC1,1.169625217
CCCCCCC#CCCOC(=O)CCCC1(CCCC(=O)OCCC#CCCCCCC)C=NC(C(=O)OC)N1CCN1CCS(=O)(=O)CC1,1.236572006
CCCCCCC#CCCOC(=O)CCCC1(CCCC(=O)OCCC#CCCCCCC)C=NC(C(=O)OCC)N1CCN1CCS(=O)(=O)CC1,1.236572006
CCCCCCC#CCCOC(=O)CCCC1(CCCC(=O)OCCC#CCCCCCC)C=NC(C(=O)OC(C)(C)C)N1CCN1CCS(=O)(=O)CC1,1.621922888
CCCCCCC#CCCOC(=O)CCCC(C=NC(C)(C)C)(CCCC(=O)OCCC#CCCCCCC)NCCN1CCS(=O)(=O)CC1,1.236572006
CCCCCCC#CCCOC(=O)CCCC(C=NCCCC)(CCCC(=O)OCCC#CCCCCCC)NCCN1CCS(=O)(=O)CC1,1.236572006
CCCCCCC#CCCOC(=O)CCCC(C=NC1CCCCC1)(CCCC(=O)OCCC#CCCCCCC)NCCN1CCS(=O)(=O)CC1,0.993533958
CCCCCCCC/C=C\CCCCCCCCOC(=O)CCCC1(CCCC(=O)OC(CCCCCCCC)CCCCCCCC)C=NC(C(=O)OC)N1CCN1CCS(=O)(=O)CC1,1.236572006
CCCCCCCC/C=C\CCCCCCCCOC(=O)CCCC1(CCCC(=O)OC(CCCCCCCC)CCCCCCCC)C=NC(C(=O)OCC)N1CCN1CCS(=O)(=O)CC1,1.537602002
CCCCCCCC/C=C\CCCCCCCCOC(=O)CCCC1(CCCC(=O)OC(CCCCCCCC)CCCCCCCC)C=NC(C(=O)OC(C)(C)C)N1CCN1CCS(=O)(=O)CC1,1.236572006
CCCCCCCC/C=C\CCCCCCCCOC(=O)CCCC(C=NC(C)(C)C)(CCCC(=O)OC(CCCCCCCC)CCCCCCCC)NCCN1CCS(=O)(=O)CC1,1.236572006
CCCCCCCC/C=C\CCCCCCCCOC(=O)CCCC(C=NCCCC)(CCCC(=O)OC(CCCCCCCC)CCCCCCCC)NCCN1CCS(=O)(=O)CC1,0.391473966
CCCCCCCC/C=C\CCCCCCCCOC(=O)CCCC(C=NC1CCCCC1)(CCCC(=O)OC(CCCCCCCC)CCCCCCCC)NCCN1CCS(=O)(=O)CC1,1.236572006
CCCCCCC#CCCOC(=O)CCCC1(CCCC(=O)OCCCCCCCC/C=C\CCCCCCCC)C=NC(C(=O)OC)N1CCN1CCS(=O)(=O)CC1,1.853871964
CCCCCCC#CCCOC(=O)CCCC1(CCCC(=O)OCCCCCCCC/C=C\CCCCCCCC)C=NC(C(=O)OCC)N1CCN1CCS(=O)(=O)CC1,1.922952883
CCCCCCC#CCCOC(=O)CCCC1(CCCC(=O)OCCCCCCCC/C=C\CCCCCCCC)C=NC(C(=O)OC(C)(C)C)N1CCN1CCS(=O)(=O)CC1,1.236572006
CCCCCCC#CCCOC(=O)CCCC(C=NC(C)(C)C)(CCCC(=O)OCCCCCCCC/C=C\CCCCCCCC)NCCN1CCS(=O)(=O)CC1,1.236572006
CCCCCCC#CCCOC(=O)CCCC(C=NCCCC)(CCCC(=O)OCCCCCCCC/C=C\CCCCCCCC)NCCN1CCS(=O)(=O)CC1,1.391473966
CCCCCCC#CCCOC(=O)CCCC(C=NC1CCCCC1)(CCCC(=O)OCCCCCCCC/C=C\CCCCCCCC)NCCN1CCS(=O)(=O)CC1,1.236572006
CCCCCCCCCCCCOC(=O)CCCC1(CCCC(=O)OCCCCCCCCCCCC)C=NC(C(=O)OC)N1CCN1CCS(=O)(=O)CC1,1.169625217
CCCCCCCCCCCCOC(=O)CCCC1(CCCC(=O)OCCCCCCCCCCCC)C=NC(C(=O)OCC)N1CCN1CCS(=O)(=O)CC1,1.236572006
CCCCCCCCCCCCOC(=O)CCCC1(CCCC(=O)OCCCCCCCCCCCC)C=NC(C(=O)OC(C)(C)C)N1CCN1CCS(=O)(=O)CC1,1.236572006
CCCCCCCCCCCCOC(=O)CCCC(C=NC(C)(C)C)(CCCC(=O)OCCCCCCCCCCCC)NCCN1CCS(=O)(=O)CC1,0.993533958
CCCCCCCCCCCCOC(=O)CCCC(C=NCCCC)(CCCC(=O)OCCCCCCCCCCCC)NCCN1CCS(=O)(=O)CC1,0.391473966
CCCCCCCCCCCCOC(=O)CCCC(C=NC1CCCCC1)(CCCC(=O)OCCCCCCCCCCCC)NCCN1CCS(=O)(=O)CC1,1.169625217
CCCCCCCCC(CCCCCCCC)OC(=O)CCCC1(CCCC(=O)OC(CCCCCCCC)CCCCCCCC)C=NC(C(=O)OC)N1CCN1CCS(=O)(=O)CC1,1.236572006
CCCCCCCCC(CCCCCCCC)OC(=O)CCCC1(CCCC(=O)OC(CCCCCCCC)CCCCCCCC)C=NC(C(=O)OCC)N1CCN1CCS(=O)(=O)CC1,1.236572006
CCCCCCCCC(CCCCCCCC)OC(=O)CCCC1(CCCC(=O)OC(CCCCCCCC)CCCCCCCC)C=NC(C(=O)OC(C)(C)C)N1CCN1CCS(=O)(=O)CC1,1.090443971
CCCCCCCCC(CCCCCCCC)OC(=O)CCCC(C=NC(C)(C)C)(CCCC(=O)OC(CCCCCCCC)CCCCCCCC)NCCN1CCS(=O)(=O)CC1,1.169625217
CCCCCCCCC(CCCCCCCC)OC(=O)CCCC(C=NCCCC)(CCCC(=O)OC(CCCCCCCC)CCCCCCCC)NCCN1CCS(=O)(=O)CC1,1.090443971
CCCCCCCCC(CCCCCCCC)OC(=O)CCCC(C=NC1CCCCC1)(CCCC(=O)OC(CCCCCCCC)CCCCCCCC)NCCN1CCS(=O)(=O)CC1,1.236572006
CCCCCCCC/C=C\CCCCCCCC1(CCCCCCC/C=C\CCCCCCCC)C=NC(C(=O)OC)N1CCN1CCS(=O)(=O)CC1,1.294563953
CCCCCCCC/C=C\CCCCCCCC1(CCCCCCC/C=C\CCCCCCCC)C=NC(C(=O)OCC)N1CCN1CCS(=O)(=O)CC1,1.236572006
CCCCCCCC/C=C\CCCCCCCC1(CCCCCCC/C=C\CCCCCCCC)C=NC(C(=O)OC(C)(C)C)N1CCN1CCS(=O)(=O)CC1,1.236572006
CCCCCCCC/C=C\CCCCCCCC(C=NC(C)(C)C)(CCCCCCC/C=C\CCCCCCCC)NCCN1CCS(=O)(=O)CC1,0.692503962
CCCCCCCC/C=C\CCCCCCCC(C=NCCCC)(CCCCCCC/C=C\CCCCCCCC)NCCN1CCS(=O)(=O)CC1,1.169625217
CCCCCCCC/C=C\CCCCCCCC(C=NC1CCCCC1)(CCCCCCC/C=C\CCCCCCCC)NCCN1CCS(=O)(=O)CC1,0.391473966
CCCCC/C=C\C/C=C\CCCCCCCCOC(=O)CCCC1(CCCC(=O)OCCCCCCCC/C=C\C/C=C\CCCCC)C=NC(C(=O)OC)N1C1CCN(Cc2ccccc2)CC1,1.236572006
CCCCC/C=C\C/C=C\CCCCCCCCOC(=O)CCCC1(CCCC(=O)OCCCCCCCC/C=C\C/C=C\CCCCC)C=NC(C(=O)OCC)N1C1CCN(Cc2ccccc2)CC1,1.236572006
CCCCC/C=C\C/C=C\CCCCCCCCOC(=O)CCCC1(CCCC(=O)OCCCCCCCC/C=C\C/C=C\CCCCC)C=NC(C(=O)OC(C)(C)C)N1C1CCN(Cc2ccccc2)CC1,1.236572006
CCCCC/C=C\C/C=C\CCCCCCCCOC(=O)CCCC(C=NC(C)(C)C)(CCCC(=O)OCCCCCCCC/C=C\C/C=C\CCCCC)NC1CCN(Cc2ccccc2)CC1,1.236572006
CCCCC/C=C\C/C=C\CCCCCCCCOC(=O)CCCC(C=NCCCC)(CCCC(=O)OCCCCCCCC/C=C\C/C=C\CCCCC)NC1CCN(Cc2ccccc2)CC1,1.236572006
CCCCC/C=C\C/C=C\CCCCCCCCOC(=O)CCCC(C=NC1CCCCC1)(CCCC(=O)OCCCCCCCC/C=C\C/C=C\CCCCC)NC1CCN(Cc2ccccc2)CC1,1.236572006
CCCCCCCC/C=C\CCCCCCCCOC(=O)CCCC1(CCCC(=O)OCCCCCCCC/C=C\CCCCCCCC)C=NC(C(=O)OC)N1C1CCN(Cc2ccccc2)CC1,1.236572006
CCCCCCCC/C=C\CCCCCCCCOC(=O)CCCC1(CCCC(=O)OCCCCCCCC/C=C\CCCCCCCC)C=NC(C(=O)OCC)N1C1CCN(Cc2ccccc2)CC1,0.692503962
CCCCCCCC/C=C\CCCCCCCCOC(=O)CCCC1(CCCC(=O)OCCCCCCCC/C=C\CCCCCCCC)C=NC(C(=O)OC(C)(C)C)N1C1CCN(Cc2ccccc2)CC1,1.236572006
CCCCCCCC/C=C\CCCCCCCCOC(=O)CCCC(C=NC(C)(C)C)(CCCC(=O)OCCCCCCCC/C=C\CCCCCCCC)NC1CCN(Cc2ccccc2)CC1,1.236572006
CCCCCCCC/C=C\CCCCCCCCOC(=O)CCCC(C=NCCCC)(CCCC(=O)OCCCCCCCC/C=C\CCCCCCCC)NC1CCN(Cc2ccccc2)CC1,1.236572006
CCCCCCCC/C=C\CCCCCCCCOC(=O)CCCC(C=NC1CCCCC1)(CCCC(=O)OCCCCCCCC/C=C\CCCCCCCC)NC1CCN(Cc2ccccc2)CC1,1.236572006
CCCCCCC#CCCOC(=O)CCCC1(CCCC(=O)OCCC#CCCCCCC)C=NC(C(=O)OC)N1C1CCN(Cc2ccccc2)CC1,2.115749836
CCCCCCC#CCCOC(=O)CCCC1(CCCC(=O)OCCC#CCCCCCC)C=NC(C(=O)OCC)N1C1CCN(Cc2ccccc2)CC1,1.470655212
CCCCCCC#CCCOC(=O)CCCC1(CCCC(=O)OCCC#CCCCCCC)C=NC(C(=O)OC(C)(C)C)N1C1CCN(Cc2ccccc2)CC1,1.236572006
CCCCCCC#CCCOC(=O)CCCC(C=NC(C)(C)C)(CCCC(=O)OCCC#CCCCCCC)NC1CCN(Cc2ccccc2)CC1,1.236572006
CCCCCCC#CCCOC(=O)CCCC(C=NCCCC)(CCCC(=O)OCCC#CCCCCCC)NC1CCN(Cc2ccccc2)CC1,1.236572006
CCCCCCC#CCCOC(=O)CCCC(C=NC1CCCCC1)(CCCC(=O)OCCC#CCCCCCC)NC1CCN(Cc2ccccc2)CC1,1.236572006
CCCCCCCC/C=C\CCCCCCCCOC(=O)CCCC1(CCCC(=O)OC(CCCCCCCC)CCCCCCCC)C=NC(C(=O)OC)N1C1CCN(Cc2ccccc2)CC1,1.169625217
CCCCCCCC/C=C\CCCCCCCCOC(=O)CCCC1(CCCC(=O)OC(CCCCCCCC)CCCCCCCC)C=NC(C(=O)OCC)N1C1CCN(Cc2ccccc2)CC1,1.236572006
CCCCCCCC/C=C\CCCCCCCCOC(=O)CCCC1(CCCC(=O)OC(CCCCCCCC)CCCCCCCC)C=NC(C(=O)OC(C)(C)C)N1C1CCN(Cc2ccccc2)CC1,0.993533958
CCCCCCCC/C=C\CCCCCCCCOC(=O)CCCC(C=NC(C)(C)C)(CCCC(=O)OC(CCCCCCCC)CCCCCCCC)NC1CCN(Cc2ccccc2)CC1,1.236572006
CCCCCCCC/C=C\CCCCCCCCOC(=O)CCCC(C=NCCCC)(CCCC(=O)OC(CCCCCCCC)CCCCCCCC)NC1CCN(Cc2ccccc2)CC1,1.236572006
CCCCCCCC/C=C\CCCCCCCCOC(=O)CCCC(C=NC1CCCCC1)(CCCC(=O)OC(CCCCCCCC)CCCCCCCC)NC1CCN(Cc2ccccc2)CC1,1.169625217
CCCCCCC#CCCOC(=O)CCCC1(CCCC(=O)OCCCCCCCC/C=C\CCCCCCCC)C=NC(C(=O)OC)N1C1CCN(Cc2ccccc2)CC1,1.236572006
CCCCCCC#CCCOC(=O)CCCC1(CCCC(=O)OCCCCCCCC/C=C\CCCCCCCC)C=NC(C(=O)OCC)N1C1CCN(Cc2ccccc2)CC1,1.294563953
CCCCCCC#CCCOC(=O)CCCC1(CCCC(=O)OCCCCCCCC/C=C\CCCCCCCC)C=NC(C(=O)OC(C)(C)C)N1C1CCN(Cc2ccccc2)CC1,0.993533958
CCCCCCC#CCCOC(=O)CCCC(C=NC(C)(C)C)(CCCC(=O)OCCCCCCCC/C=C\CCCCCCCC)NC1CCN(Cc2ccccc2)CC1,1.236572006
CCCCCCC#CCCOC(=O)CCCC(C=NCCCC)(CCCC(=O)OCCCCCCCC/C=C\CCCCCCCC)NC1CCN(Cc2ccccc2)CC1,1.236572006
CCCCCCC#CCCOC(=O)CCCC(C=NC1CCCCC1)(CCCC(=O)OCCCCCCCC/C=C\CCCCCCCC)NC1CCN(Cc2ccccc2)CC1,1.236572006
CCCCCCCCCCCCOC(=O)CCCC1(CCCC(=O)OCCCCCCCCCCCC)C=NC(C(=O)OC)N1C1CCN(Cc2ccccc2)CC1,1.236572006
CCCCCCCCCCCCOC(=O)CCCC1(CCCC(=O)OCCCCCCCCCCCC)C=NC(C(=O)OCC)N1C1CCN(Cc2ccccc2)CC1,1.236572006
CCCCCCCCCCCCOC(=O)CCCC1(CCCC(=O)OCCCCCCCCCCCC)C=NC(C(=O)OC(C)(C)C)N1C1CCN(Cc2ccccc2)CC1,1.236572006
CCCCCCCCCCCCOC(=O)CCCC(C=NC(C)(C)C)(CCCC(=O)OCCCCCCCCCCCC)NC1CCN(Cc2ccccc2)CC1,1.236572006
CCCCCCCCCCCCOC(=O)CCCC(C=NCCCC)(CCCC(=O)OCCCCCCCCCCCC)NC1CCN(Cc2ccccc2)CC1,1.236572006
CCCCCCCCCCCCOC(=O)CCCC(C=NC1CCCCC1)(CCCC(=O)OCCCCCCCCCCCC)NC1CCN(Cc2ccccc2)CC1,1.236572006
CCCCCCCCC(CCCCCCCC)OC(=O)CCCC1(CCCC(=O)OC(CCCCCCCC)CCCCCCCC)C=NC(C(=O)OC)N1C1CCN(Cc2ccccc2)CC1,1.236572006
CCCCCCCCC(CCCCCCCC)OC(=O)CCCC1(CCCC(=O)OC(CCCCCCCC)CCCCCCCC)C=NC(C(=O)OCC)N1C1CCN(Cc2ccccc2)CC1,1.236572006
CCCCCCCCC(CCCCCCCC)OC(=O)CCCC1(CCCC(=O)OC(CCCCCCCC)CCCCCCCC)C=NC(C(=O)OC(C)(C)C)N1C1CCN(Cc2ccccc2)CC1,1.391473966
CCCCCCCCC(CCCCCCCC)OC(=O)CCCC(C=NC(C)(C)C)(CCCC(=O)OC(CCCCCCCC)CCCCCCCC)NC1CCN(Cc2ccccc2)CC1,1.236572006
CCCCCCCCC(CCCCCCCC)OC(=O)CCCC(C=NCCCC)(CCCC(=O)OC(CCCCCCCC)CCCCCCCC)NC1CCN(Cc2ccccc2)CC1,1.236572006
CCCCCCCCC(CCCCCCCC)OC(=O)CCCC(C=NC1CCCCC1)(CCCC(=O)OC(CCCCCCCC)CCCCCCCC)NC1CCN(Cc2ccccc2)CC1,1.294563953
CCCCCCCC/C=C\CCCCCCCC1(CCCCCCC/C=C\CCCCCCCC)C=NC(C(=O)OC)N1C1CCN(Cc2ccccc2)CC1,1.236572006
CCCCCCCC/C=C\CCCCCCCC1(CCCCCCC/C=C\CCCCCCCC)C=NC(C(=O)OCC)N1C1CCN(Cc2ccccc2)CC1,1.236572006
CCCCCCCC/C=C\CCCCCCCC1(CCCCCCC/C=C\CCCCCCCC)C=NC(C(=O)OC(C)(C)C)N1C1CCN(Cc2ccccc2)CC1,1.236572006
CCCCCCCC/C=C\CCCCCCCC(C=NC(C)(C)C)(CCCCCCC/C=C\CCCCCCCC)NC1CCN(Cc2ccccc2)CC1,1.236572006
CCCCCCCC/C=C\CCCCCCCC(C=NCCCC)(CCCCCCC/C=C\CCCCCCCC)NC1CCN(Cc2ccccc2)CC1,1.169625217
CCCCCCCC/C=C\CCCCCCCC(C=NC1CCCCC1)(CCCCCCC/C=C\CCCCCCCC)NC1CCN(Cc2ccccc2)CC1,1.236572006
CCCCC/C=C\C/C=C\CCCCCCCCOC(=O)CCCC1(CCCC(=O)OCCCCCCCC/C=C\C/C=C\CCCCC)C=NC(C(=O)OC)N1CCCn1ccnc1,1.470655212
CCCCC/C=C\C/C=C\CCCCCCCCOC(=O)CCCC1(CCCC(=O)OCCCCCCCC/C=C\C/C=C\CCCCC)C=NC(C(=O)OCC)N1CCCn1ccnc1,1.236572006
CCCCC/C=C\C/C=C\CCCCCCCCOC(=O)CCCC1(CCCC(=O)OCCCCCCCC/C=C\C/C=C\CCCCC)C=NC(C(=O)OC(C)(C)C)N1CCCn1ccnc1,1.236572006
CCCCC/C=C\C/C=C\CCCCCCCCOC(=O)CCCC(C=NC(C)(C)C)(CCCC(=O)OCCCCCCCC/C=C\C/C=C\CCCCC)NCCCn1ccnc1,1.236572006
CCCCC/C=C\C/C=C\CCCCCCCCOC(=O)CCCC(C=NCCCC)(CCCC(=O)OCCCCCCCC/C=C\C/C=C\CCCCC)NCCCn1ccnc1,1.391473966
CCCCC/C=C\C/C=C\CCCCCCCCOC(=O)CCCC(C=NC1CCCCC1)(CCCC(=O)OCCCCCCCC/C=C\C/C=C\CCCCC)NCCCn1ccnc1,1.236572006
CCCCCCCC/C=C\CCCCCCCCOC(=O)CCCC1(CCCC(=O)OCCCCCCCC/C=C\CCCCCCCC)C=NC(C(=O)OC)N1CCCn1ccnc1,1.909987906
CCCCCCCC/C=C\CCCCCCCCOC(=O)CCCC1(CCCC(=O)OCCCCCCCC/C=C\CCCCCCCC)C=NC(C(=O)OCC)N1CCCn1ccnc1,1.771685208
CCCCCCCC/C=C\CCCCCCCCOC(=O)CCCC1(CCCC(=O)OCCCCCCCC/C=C\CCCCCCCC)C=NC(C(=O)OC(C)(C)C)N1CCCn1ccnc1,1.391473966
CCCCCCCC/C=C\CCCCCCCCOC(=O)CCCC(C=NC(C)(C)C)(CCCC(=O)OCCCCCCCC/C=C\CCCCCCCC)NCCCn1ccnc1,1.236572006
CCCCCCCC/C=C\CCCCCCCCOC(=O)CCCC(C=NCCCC)(CCCC(=O)OCCCCCCCC/C=C\CCCCCCCC)NCCCn1ccnc1,1.236572006
CCCCCCCC/C=C\CCCCCCCCOC(=O)CCCC(C=NC1CCCCC1)(CCCC(=O)OCCCCCCCC/C=C\CCCCCCCC)NCCCn1ccnc1,1.294563953
CCCCCCC#CCCOC(=O)CCCC1(CCCC(=O)OCCC#CCCCCCC)C=NC(C(=O)OC)N1CCCn1ccnc1,1.470655212
CCCCCCC#CCCOC(=O)CCCC1(CCCC(=O)OCCC#CCCCCCC)C=NC(C(=O)OCC)N1CCCn1ccnc1,1.236572006
CCCCCCC#CCCOC(=O)CCCC1(CCCC(=O)OCCC#CCCCCCC)C=NC(C(=O)OC(C)(C)C)N1CCCn1ccnc1,1.294563953
CCCCCCC#CCCOC(=O)CCCC(C=NC(C)(C)C)(CCCC(=O)OCCC#CCCCCCC)NCCCn1ccnc1,1.236572006
CCCCCCC#CCCOC(=O)CCCC(C=NCCCC)(CCCC(=O)OCCC#CCCCCCC)NCCCn1ccnc1,1.236572006
CCCCCCC#CCCOC(=O)CCCC(C=NC1CCCCC1)(CCCC(=O)OCCC#CCCCCCC)NCCCn1ccnc1,1.236572006
CCCCCCCC/C=C\CCCCCCCCOC(=O)CCCC1(CCCC(=O)OC(CCCCCCCC)CCCCCCCC)C=NC(C(=O)OC)N1CCCn1ccnc1,1.090443971
CCCCCCCC/C=C\CCCCCCCCOC(=O)CCCC1(CCCC(=O)OC(CCCCCCCC)CCCCCCCC)C=NC(C(=O)OCC)N1CCCn1ccnc1,1.236572006
CCCCCCCC/C=C\CCCCCCCCOC(=O)CCCC1(CCCC(=O)OC(CCCCCCCC)CCCCCCCC)C=NC(C(=O)OC(C)(C)C)N1CCCn1ccnc1,1.236572006
CCCCCCCC/C=C\CCCCCCCCOC(=O)CCCC(C=NC(C)(C)C)(CCCC(=O)OC(CCCCCCCC)CCCCCCCC)NCCCn1ccnc1,1.169625217
CCCCCCCC/C=C\CCCCCCCCOC(=O)CCCC(C=NCCCC)(CCCC(=O)OC(CCCCCCCC)CCCCCCCC)NCCCn1ccnc1,1.236572006
CCCCCCCC/C=C\CCCCCCCCOC(=O)CCCC(C=NC1CCCCC1)(CCCC(=O)OC(CCCCCCCC)CCCCCCCC)NCCCn1ccnc1,0.993533958
CCCCCCC#CCCOC(=O)CCCC1(CCCC(=O)OCCCCCCCC/C=C\CCCCCCCC)C=NC(C(=O)OC)N1CCCn1ccnc1,1.621922888
CCCCCCC#CCCOC(=O)CCCC1(CCCC(=O)OCCCCCCCC/C=C\CCCCCCCC)C=NC(C(=O)OCC)N1CCCn1ccnc1,1.670227567
CCCCCCC#CCCOC(=O)CCCC1(CCCC(=O)OCCCCCCCC/C=C\CCCCCCCC)C=NC(C(=O)OC(C)(C)C)N1CCCn1ccnc1,1.236572006
CCCCCCC#CCCOC(=O)CCCC(C=NC(C)(C)C)(CCCC(=O)OCCCCCCCC/C=C\CCCCCCCC)NCCCn1ccnc1,1.236572006
CCCCCCC#CCCOC(=O)CCCC(C=NCCCC)(CCCC(=O)OCCCCCCCC/C=C\CCCCCCCC)NCCCn1ccnc1,1.236572006
CCCCCCC#CCCOC(=O)CCCC(C=NC1CCCCC1)(CCCC(=O)OCCCCCCCC/C=C\CCCCCCCC)NCCCn1ccnc1,1.391473966
CCCCCCCCCCCCOC(=O)CCCC1(CCCC(=O)OCCCCCCCCCCCC)C=NC(C(=O)OC)N1CCCn1ccnc1,1.470655212
CCCCCCCCCCCCOC(=O)CCCC1(CCCC(=O)OCCCCCCCCCCCC)C=NC(C(=O)OCC)N1CCCn1ccnc1,1.236572006
CCCCCCCCCCCCOC(=O)CCCC1(CCCC(=O)OCCCCCCCCCCCC)C=NC(C(=O)OC(C)(C)C)N1CCCn1ccnc1,1.236572006
CCCCCCCCCCCCOC(=O)CCCC(C=NC(C)(C)C)(CCCC(=O)OCCCCCCCCCCCC)NCCCn1ccnc1,1.236572006
CCCCCCCCCCCCOC(=O)CCCC(C=NCCCC)(CCCC(=O)OCCCCCCCCCCCC)NCCCn1ccnc1,1.236572006
CCCCCCCCCCCCOC(=O)CCCC(C=NC1CCCCC1)(CCCC(=O)OCCCCCCCCCCCC)NCCCn1ccnc1,1.236572006
CCCCCCCCC(CCCCCCCC)OC(=O)CCCC1(CCCC(=O)OC(CCCCCCCC)CCCCCCCC)C=NC(C(=O)OC)N1CCCn1ccnc1,0.868595221
CCCCCCCCC(CCCCCCCC)OC(=O)CCCC1(CCCC(=O)OC(CCCCCCCC)CCCCCCCC)C=NC(C(=O)OCC)N1CCCn1ccnc1,1.236572006
CCCCCCCCC(CCCCCCCC)OC(=O)CCCC1(CCCC(=O)OC(CCCCCCCC)CCCCCCCC)C=NC(C(=O)OC(C)(C)C)N1CCCn1ccnc1,0.692503962
CCCCCCCCC(CCCCCCCC)OC(=O)CCCC(C=NC(C)(C)C)(CCCC(=O)OC(CCCCCCCC)CCCCCCCC)NCCCn1ccnc1,1.236572006
CCCCCCCCC(CCCCCCCC)OC(=O)CCCC(C=NCCCC)(CCCC(=O)OC(CCCCCCCC)CCCCCCCC)NCCCn1ccnc1,1.169625217
CCCCCCCCC(CCCCCCCC)OC(=O)CCCC(C=NC1CCCCC1)(CCCC(=O)OC(CCCCCCCC)CCCCCCCC)NCCCn1ccnc1,1.236572006
CCCCCCCC/C=C\CCCCCCCC1(CCCCCCC/C=C\CCCCCCCC)C=NC(C(=O)OC)N1CCCn1ccnc1,1.236572006
CCCCCCCC/C=C\CCCCCCCC1(CCCCCCC/C=C\CCCCCCCC)C=NC(C(=O)OCC)N1CCCn1ccnc1,1.236572006
CCCCCCCC/C=C\CCCCCCCC1(CCCCCCC/C=C\CCCCCCCC)C=NC(C(=O)OC(C)(C)C)N1CCCn1ccnc1,1.391473966
CCCCCCCC/C=C\CCCCCCCC(C=NC(C)(C)C)(CCCCCCC/C=C\CCCCCCCC)NCCCn1ccnc1,1.236572006
CCCCCCCC/C=C\CCCCCCCC(C=NCCCC)(CCCCCCC/C=C\CCCCCCCC)NCCCn1ccnc1,1.236572006
CCCCCCCC/C=C\CCCCCCCC(C=NC1CCCCC1)(CCCCCCC/C=C\CCCCCCCC)NCCCn1ccnc1,1.236572006
CCCCC/C=C\C/C=C\CCCCCCCCOC(=O)CCCC1(CCCC(=O)OCCCCCCCC/C=C\C/C=C\CCCCC)C=NC(C(=O)OC)N1Cc1cccnc1,1.236572006
CCCCC/C=C\C/C=C\CCCCCCCCOC(=O)CCCC1(CCCC(=O)OCCCCCCCC/C=C\C/C=C\CCCCC)C=NC(C(=O)OCC)N1Cc1cccnc1,1.090443971
CCCCC/C=C\C/C=C\CCCCCCCCOC(=O)CCCC1(CCCC(=O)OCCCCCCCC/C=C\C/C=C\CCCCC)C=NC(C(=O)OC(C)(C)C)N1Cc1cccnc1,0.868595221
CCCCC/C=C\C/C=C\CCCCCCCCOC(=O)CCCC(C=NC(C)(C)C)(CCCC(=O)OCCCCCCCC/C=C\C/C=C\CCCCC)NCc1cccnc1,1.236572006
CCCCC/C=C\C/C=C\CCCCCCCCOC(=O)CCCC(C=NCCCC)(CCCC(=O)OCCCCCCCC/C=C\C/C=C\CCCCC)NCc1cccnc1,1.236572006
CCCCC/C=C\C/C=C\CCCCCCCCOC(=O)CCCC(C=NC1CCCCC1)(CCCC(=O)OCCCCCCCC/C=C\C/C=C\CCCCC)NCc1cccnc1,1.236572006
CCCCCCCC/C=C\CCCCCCCCOC(=O)CCCC1(CCCC(=O)OCCCCCCCC/C=C\CCCCCCCC)C=NC(C(=O)OC)N1Cc1cccnc1,1.236572006
CCCCCCCC/C=C\CCCCCCCCOC(=O)CCCC1(CCCC(=O)OCCCCCCCC/C=C\CCCCCCCC)C=NC(C(=O)OCC)N1Cc1cccnc1,1.294563953
CCCCCCCC/C=C\CCCCCCCCOC(=O)CCCC1(CCCC(=O)OCCCCCCCC/C=C\CCCCCCCC)C=NC(C(=O)OC(C)(C)C)N1Cc1cccnc1,1.236572006
CCCCCCCC/C=C\CCCCCCCCOC(=O)CCCC(C=NC(C)(C)C)(CCCC(=O)OCCCCCCCC/C=C\CCCCCCCC)NCc1cccnc1,1.236572006
CCCCCCCC/C=C\CCCCCCCCOC(=O)CCCC(C=NCCCC)(CCCC(=O)OCCCCCCCC/C=C\CCCCCCCC)NCc1cccnc1,1.236572006
CCCCCCCC/C=C\CCCCCCCCOC(=O)CCCC(C=NC1CCCCC1)(CCCC(=O)OCCCCCCCC/C=C\CCCCCCCC)NCc1cccnc1,1.236572006
CCCCCCC#CCCOC(=O)CCCC1(CCCC(=O)OCCC#CCCCCCC)C=NC(C(=O)OC)N1Cc1cccnc1,1.236572006
CCCCCCC#CCCOC(=O)CCCC1(CCCC(=O)OCCC#CCCCCCC)C=NC(C(=O)OCC)N1Cc1cccnc1,1.236572006
CCCCCCC#CCCOC(=O)CCCC1(CCCC(=O)OCCC#CCCCCCC)C=NC(C(=O)OC(C)(C)C)N1Cc1cccnc1,1.236572006
CCCCCCC#CCCOC(=O)CCCC(C=NC(C)(C)C)(CCCC(=O)OCCC#CCCCCCC)NCc1cccnc1,1.090443971
CCCCCCC#CCCOC(=O)CCCC(C=NCCCC)(CCCC(=O)OCCC#CCCCCCC)NCc1cccnc1,1.236572006
CCCCCCC#CCCOC(=O)CCCC(C=NC1CCCCC1)(CCCC(=O)OCCC#CCCCCCC)NCc1cccnc1,1.236572006
CCCCCCCC/C=C\CCCCCCCCOC(=O)CCCC1(CCCC(=O)OC(CCCCCCCC)CCCCCCCC)C=NC(C(=O)OC)N1Cc1cccnc1,0.993533958
CCCCCCCC/C=C\CCCCCCCCOC(=O)CCCC1(CCCC(=O)OC(CCCCCCCC)CCCCCCCC)C=NC(C(=O)OCC)N1Cc1cccnc1,1.169625217
CCCCCCCC/C=C\CCCCCCCCOC(=O)CCCC1(CCCC(=O)OC(CCCCCCCC)CCCCCCCC)C=NC(C(=O)OC(C)(C)C)N1Cc1cccnc1,1.236572006
CCCCCCCC/C=C\CCCCCCCCOC(=O)CCCC(C=NC(C)(C)C)(CCCC(=O)OC(CCCCCCCC)CCCCCCCC)NCc1cccnc1,1.236572006
CCCCCCCC/C=C\CCCCCCCCOC(=O)CCCC(C=NCCCC)(CCCC(=O)OC(CCCCCCCC)CCCCCCCC)NCc1cccnc1,1.236572006
CCCCCCCC/C=C\CCCCCCCCOC(=O)CCCC(C=NC1CCCCC1)(CCCC(=O)OC(CCCCCCCC)CCCCCCCC)NCc1cccnc1,1.236572006
CCCCCCC#CCCOC(=O)CCCC1(CCCC(=O)OCCCCCCCC/C=C\CCCCCCCC)C=NC(C(=O)OC)N1Cc1cccnc1,1.236572006
CCCCCCC#CCCOC(=O)CCCC1(CCCC(=O)OCCCCCCCC/C=C\CCCCCCCC)C=NC(C(=O)OCC)N1Cc1cccnc1,1.236572006
CCCCCCC#CCCOC(=O)CCCC1(CCCC(=O)OCCCCCCCC/C=C\CCCCCCCC)C=NC(C(=O)OC(C)(C)C)N1Cc1cccnc1,1.090443971
CCCCCCC#CCCOC(=O)CCCC(C=NC(C)(C)C)(CCCC(=O)OCCCCCCCC/C=C\CCCCCCCC)NCc1cccnc1,1.236572006
CCCCCCC#CCCOC(=O)CCCC(C=NCCCC)(CCCC(=O)OCCCCCCCC/C=C\CCCCCCCC)NCc1cccnc1,1.169625217
CCCCCCC#CCCOC(=O)CCCC(C=NC1CCCCC1)(CCCC(=O)OCCCCCCCC/C=C\CCCCCCCC)NCc1cccnc1,1.236572006
CCCCCCCCCCCCOC(=O)CCCC1(CCCC(=O)OCCCCCCCCCCCC)C=NC(C(=O)OC)N1Cc1cccnc1,1.236572006
CCCCCCCCCCCCOC(=O)CCCC1(CCCC(=O)OCCCCCCCCCCCC)C=NC(C(=O)OCC)N1Cc1cccnc1,1.294563953
CCCCCCCCCCCCOC(=O)CCCC1(CCCC(=O)OCCCCCCCCCCCC)C=NC(C(=O)OC(C)(C)C)N1Cc1cccnc1,1.236572006
CCCCCCCCCCCCOC(=O)CCCC(C=NC(C)(C)C)(CCCC(=O)OCCCCCCCCCCCC)NCc1cccnc1,1.236572006
CCCCCCCCCCCCOC(=O)CCCC(C=NCCCC)(CCCC(=O)OCCCCCCCCCCCC)NCc1cccnc1,1.236572006
CCCCCCCCCCCCOC(=O)CCCC(C=NC1CCCCC1)(CCCC(=O)OCCCCCCCCCCCC)NCc1cccnc1,1.236572006
CCCCCCCCC(CCCCCCCC)OC(=O)CCCC1(CCCC(=O)OC(CCCCCCCC)CCCCCCCC)C=NC(C(=O)OC)N1Cc1cccnc1,1.236572006
CCCCCCCCC(CCCCCCCC)OC(=O)CCCC1(CCCC(=O)OC(CCCCCCCC)CCCCCCCC)C=NC(C(=O)OCC)N1Cc1cccnc1,0.868595221
CCCCCCCCC(CCCCCCCC)OC(=O)CCCC1(CCCC(=O)OC(CCCCCCCC)CCCCCCCC)C=NC(C(=O)OC(C)(C)C)N1Cc1cccnc1,1.236572006
CCCCCCCCC(CCCCCCCC)OC(=O)CCCC(C=NC(C)(C)C)(CCCC(=O)OC(CCCCCCCC)CCCCCCCC)NCc1cccnc1,1.236572006
CCCCCCCCC(CCCCCCCC)OC(=O)CCCC(C=NCCCC)(CCCC(=O)OC(CCCCCCCC)CCCCCCCC)NCc1cccnc1,1.236572006
CCCCCCCCC(CCCCCCCC)OC(=O)CCCC(C=NC1CCCCC1)(CCCC(=O)OC(CCCCCCCC)CCCCCCCC)NCc1cccnc1,1.236572006
CCCCCCCC/C=C\CCCCCCCC1(CCCCCCC/C=C\CCCCCCCC)C=NC(C(=O)OC)N1Cc1cccnc1,1.236572006
CCCCCCCC/C=C\CCCCCCCC1(CCCCCCC/C=C\CCCCCCCC)C=NC(C(=O)OCC)N1Cc1cccnc1,1.236572006
CCCCCCCC/C=C\CCCCCCCC1(CCCCCCC/C=C\CCCCCCCC)C=NC(C(=O)OC(C)(C)C)N1Cc1cccnc1,1.236572006
CCCCCCCC/C=C\CCCCCCCC(C=NC(C)(C)C)(CCCCCCC/C=C\CCCCCCCC)NCc1cccnc1,1.236572006
CCCCCCCC/C=C\CCCCCCCC(C=NCCCC)(CCCCCCC/C=C\CCCCCCCC)NCc1cccnc1,1.236572006
CCCCCCCC/C=C\CCCCCCCC(C=NC1CCCCC1)(CCCCCCC/C=C\CCCCCCCC)NCc1cccnc1,1.236572006
CCCCC/C=C\C/C=C\CCCCCCCCOC(=O)CCCC1(CCCC(=O)OCCCCCCCC/C=C\C/C=C\CCCCC)C=NC(C(=O)OC)N1CCN1CCOCC1,1.236572006
CCCCC/C=C\C/C=C\CCCCCCCCOC(=O)CCCC1(CCCC(=O)OCCCCCCCC/C=C\C/C=C\CCCCC)C=NC(C(=O)OCC)N1CCN1CCOCC1,1.470655212
CCCCC/C=C\C/C=C\CCCCCCCCOC(=O)CCCC1(CCCC(=O)OCCCCCCCC/C=C\C/C=C\CCCCC)C=NC(C(=O)OC(C)(C)C)N1CCN1CCOCC1,1.294563953
CCCCC/C=C\C/C=C\CCCCCCCCOC(=O)CCCC(C=NC(C)(C)C)(CCCC(=O)OCCCCCCCC/C=C\C/C=C\CCCCC)NCCN1CCOCC1,1.391473966
CCCCC/C=C\C/C=C\CCCCCCCCOC(=O)CCCC(C=NCCCC)(CCCC(=O)OCCCCCCCC/C=C\C/C=C\CCCCC)NCCN1CCOCC1,1.236572006
CCCCC/C=C\C/C=C\CCCCCCCCOC(=O)CCCC(C=NC1CCCCC1)(CCCC(=O)OCCCCCCCC/C=C\C/C=C\CCCCC)NCCN1CCOCC1,1.169625217
CCCCCCCC/C=C\CCCCCCCCOC(=O)CCCC1(CCCC(=O)OCCCCCCCC/C=C\CCCCCCCC)C=NC(C(=O)OC)N1CCN1CCOCC1,2.147348822
CCCCCCCC/C=C\CCCCCCCCOC(=O)CCCC1(CCCC(=O)OCCCCCCCC/C=C\CCCCCCCC)C=NC(C(=O)OCC)N1CCN1CCOCC1,2.44455241
CCCCCCCC/C=C\CCCCCCCCOC(=O)CCCC1(CCCC(=O)OCCCCCCCC/C=C\CCCCCCCC)C=NC(C(=O)OC(C)(C)C)N1CCN1CCOCC1,0.993533958
CCCCCCCC/C=C\CCCCCCCCOC(=O)CCCC(C=NC(C)(C)C)(CCCC(=O)OCCCCCCCC/C=C\CCCCCCCC)NCCN1CCOCC1,1.236572006
CCCCCCCC/C=C\CCCCCCCCOC(=O)CCCC(C=NCCCC)(CCCC(=O)OCCCCCCCC/C=C\CCCCCCCC)NCCN1CCOCC1,1.236572006
CCCCCCCC/C=C\CCCCCCCCOC(=O)CCCC(C=NC1CCCCC1)(CCCC(=O)OCCCCCCCC/C=C\CCCCCCCC)NCCN1CCOCC1,1.236572006
CCCCCCC#CCCOC(=O)CCCC1(CCCC(=O)OCCC#CCCCCCC)C=NC(C(=O)OC)N1CCN1CCOCC1,1.236572006
CCCCCCC#CCCOC(=O)CCCC1(CCCC(=O)OCCC#CCCCCCC)C=NC(C(=O)OCC)N1CCN1CCOCC1,1.236572006
CCCCCCC#CCCOC(=O)CCCC1(CCCC(=O)OCCC#CCCCCCC)C=NC(C(=O)OC(C)(C)C)N1CCN1CCOCC1,0.868595221
CCCCCCC#CCCOC(=O)CCCC(C=NC(C)(C)C)(CCCC(=O)OCCC#CCCCCCC)NCCN1CCOCC1,1.236572006
CCCCCCC#CCCOC(=O)CCCC(C=NCCCC)(CCCC(=O)OCCC#CCCCCCC)NCCN1CCOCC1,1.236572006
CCCCCCC#CCCOC(=O)CCCC(C=NC1CCCCC1)(CCCC(=O)OCCC#CCCCCCC)NCCN1CCOCC1,0.692503962
CCCCCCCC/C=C\CCCCCCCCOC(=O)CCCC1(CCCC(=O)OC(CCCCCCCC)CCCCCCCC)C=NC(C(=O)OC)N1CCN1CCOCC1,1.294563953
CCCCCCCC/C=C\CCCCCCCCOC(=O)CCCC1(CCCC(=O)OC(CCCCCCCC)CCCCCCCC)C=NC(C(=O)OCC)N1CCN1CCOCC1,1.789413975
CCCCCCCC/C=C\CCCCCCCCOC(=O)CCCC1(CCCC(=O)OC(CCCCCCCC)CCCCCCCC)C=NC(C(=O)OC(C)(C)C)N1CCN1CCOCC1,1.236572006
CCCCCCCC/C=C\CCCCCCCCOC(=O)CCCC(C=NC(C)(C)C)(CCCC(=O)OC(CCCCCCCC)CCCCCCCC)NCCN1CCOCC1,1.236572006
CCCCCCCC/C=C\CCCCCCCCOC(=O)CCCC(C=NCCCC)(CCCC(=O)OC(CCCCCCCC)CCCCCCCC)NCCN1CCOCC1,1.236572006
CCCCCCCC/C=C\CCCCCCCCOC(=O)CCCC(C=NC1CCCCC1)(CCCC(=O)OC(CCCCCCCC)CCCCCCCC)NCCN1CCOCC1,1.236572006
CCCCCCC#CCCOC(=O)CCCC1(CCCC(=O)OCCCCCCCC/C=C\CCCCCCCC)C=NC(C(=O)OC)N1CCN1CCOCC1,1.236572006
CCCCCCC#CCCOC(=O)CCCC1(CCCC(=O)OCCCCCCCC/C=C\CCCCCCCC)C=NC(C(=O)OCC)N1CCN1CCOCC1,1.294563953
CCCCCCC#CCCOC(=O)CCCC1(CCCC(=O)OCCCCCCCC/C=C\CCCCCCCC)C=NC(C(=O)OC(C)(C)C)N1CCN1CCOCC1,1.391473966
CCCCCCC#CCCOC(=O)CCCC(C=NC(C)(C)C)(CCCC(=O)OCCCCCCCC/C=C\CCCCCCCC)NCCN1CCOCC1,1.236572006
CCCCCCC#CCCOC(=O)CCCC(C=NCCCC)(CCCC(=O)OCCCCCCCC/C=C\CCCCCCCC)NCCN1CCOCC1,1.236572006
CCCCCCC#CCCOC(=O)CCCC(C=NC1CCCCC1)(CCCC(=O)OCCCCCCCC/C=C\CCCCCCCC)NCCN1CCOCC1,0.391473966
CCCCCCCCCCCCOC(=O)CCCC1(CCCC(=O)OCCCCCCCCCCCC)C=NC(C(=O)OC)N1CCN1CCOCC1,1.621922888
CCCCCCCCCCCCOC(=O)CCCC1(CCCC(=O)OCCCCCCCCCCCC)C=NC(C(=O)OCC)N1CCN1CCOCC1,1.713693261
CCCCCCCCCCCCOC(=O)CCCC1(CCCC(=O)OCCCCCCCCCCCC)C=NC(C(=O)OC(C)(C)C)N1CCN1CCOCC1,1.236572006
CCCCCCCCCCCCOC(=O)CCCC(C=NC(C)(C)C)(CCCC(=O)OCCCCCCCCCCCC)NCCN1CCOCC1,1.236572006
CCCCCCCCCCCCOC(=O)CCCC(C=NCCCC)(CCCC(=O)OCCCCCCCCCCCC)NCCN1CCOCC1,1.236572006
CCCCCCCCCCCCOC(=O)CCCC(C=NC1CCCCC1)(CCCC(=O)OCCCCCCCCCCCC)NCCN1CCOCC1,1.236572006
CCCCCCCCC(CCCCCCCC)OC(=O)CCCC1(CCCC(=O)OC(CCCCCCCC)CCCCCCCC)C=NC(C(=O)OC)N1CCN1CCOCC1,0.993533958
CCCCCCCCC(CCCCCCCC)OC(=O)CCCC1(CCCC(=O)OC(CCCCCCCC)CCCCCCCC)C=NC(C(=O)OCC)N1CCN1CCOCC1,1.236572006
CCCCCCCCC(CCCCCCCC)OC(=O)CCCC1(CCCC(=O)OC(CCCCCCCC)CCCCCCCC)C=NC(C(=O)OC(C)(C)C)N1CCN1CCOCC1,1.236572006
CCCCCCCCC(CCCCCCCC)OC(=O)CCCC(C=NC(C)(C)C)(CCCC(=O)OC(CCCCCCCC)CCCCCCCC)NCCN1CCOCC1,1.236572006
CCCCCCCCC(CCCCCCCC)OC(=O)CCCC(C=NCCCC)(CCCC(=O)OC(CCCCCCCC)CCCCCCCC)NCCN1CCOCC1,1.236572006
CCCCCCCCC(CCCCCCCC)OC(=O)CCCC(C=NC1CCCCC1)(CCCC(=O)OC(CCCCCCCC)CCCCCCCC)NCCN1CCOCC1,1.236572006
CCCCCCCC/C=C\CCCCCCCC1(CCCCCCC/C=C\CCCCCCCC)C=NC(C(=O)OC)N1CCN1CCOCC1,0.993533958
CCCCCCCC/C=C\CCCCCCCC1(CCCCCCC/C=C\CCCCCCCC)C=NC(C(=O)OCC)N1CCN1CCOCC1,1.294563953
CCCCCCCC/C=C\CCCCCCCC1(CCCCCCC/C=C\CCCCCCCC)C=NC(C(=O)OC(C)(C)C)N1CCN1CCOCC1,1.236572006
CCCCCCCC/C=C\CCCCCCCC(C=NC(C)(C)C)(CCCCCCC/C=C\CCCCCCCC)NCCN1CCOCC1,1.236572006
CCCCCCCC/C=C\CCCCCCCC(C=NCCCC)(CCCCCCC/C=C\CCCCCCCC)NCCN1CCOCC1,1.236572006
CCCCCCCC/C=C\CCCCCCCC(C=NC1CCCCC1)(CCCCCCC/C=C\CCCCCCCC)NCCN1CCOCC1,1.236572006
CCCCC/C=C\C/C=C\CCCCCCCCOC(=O)CCCC1(CCCC(=O)OCCCCCCCC/C=C\C/C=C\CCCCC)C=NC(C(=O)OC)N1CCN1CCN(C)CC1,1.771685208
CCCCC/C=C\C/C=C\CCCCCCCCOC(=O)CCCC1(CCCC(=O)OCCCCCCCC/C=C\C/C=C\CCCCC)C=NC(C(=O)OCC)N1CCN1CCN(C)CC1,1.621922888
CCCCC/C=C\C/C=C\CCCCCCCCOC(=O)CCCC1(CCCC(=O)OCCCCCCCC/C=C\C/C=C\CCCCC)C=NC(C(=O)OC(C)(C)C)N1CCN1CCN(C)CC1,1.236572006
CCCCC/C=C\C/C=C\CCCCCCCCOC(=O)CCCC(C=NC(C)(C)C)(CCCC(=O)OCCCCCCCC/C=C\C/C=C\CCCCC)NCCN1CCN(C)CC1,1.090443971
CCCCC/C=C\C/C=C\CCCCCCCCOC(=O)CCCC(C=NCCCC)(CCCC(=O)OCCCCCCCC/C=C\C/C=C\CCCCC)NCCN1CCN(C)CC1,1.236572006
CCCCC/C=C\C/C=C\CCCCCCCCOC(=O)CCCC(C=NC1CCCCC1)(CCCC(=O)OCCCCCCCC/C=C\C/C=C\CCCCC)NCCN1CCN(C)CC1,1.236572006
CCCCCCCC/C=C\CCCCCCCCOC(=O)CCCC1(CCCC(=O)OCCCCCCCC/C=C\CCCCCCCC)C=NC(C(=O)OC)N1CCN1CCN(C)CC1,2.789413975
CCCCCCCC/C=C\CCCCCCCCOC(=O)CCCC1(CCCC(=O)OCCCCCCCC/C=C\CCCCCCCC)C=NC(C(=O)OCC)N1CCN1CCN(C)CC1,2.804773731
CCCCCCCC/C=C\CCCCCCCCOC(=O)CCCC1(CCCC(=O)OCCCCCCCC/C=C\CCCCCCCC)C=NC(C(=O)OC(C)(C)C)N1CCN1CCN(C)CC1,1.537602002
CCCCCCCC/C=C\CCCCCCCCOC(=O)CCCC(C=NC(C)(C)C)(CCCC(=O)OCCCCCCCC/C=C\CCCCCCCC)NCCN1CCN(C)CC1,1.646746472
CCCCCCCC/C=C\CCCCCCCCOC(=O)CCCC(C=NCCCC)(CCCC(=O)OCCCCCCCC/C=C\CCCCCCCC)NCCN1CCN(C)CC1,1.621922888
CCCCCCCC/C=C\CCCCCCCCOC(=O)CCCC(C=NC1CCCCC1)(CCCC(=O)OCCCCCCCC/C=C\CCCCCCCC)NCCN1CCN(C)CC1,1.646746472
CCCCCCC#CCCOC(=O)CCCC1(CCCC(=O)OCCC#CCCCCCC)C=NC(C(=O)OC)N1CCN1CCN(C)CC1,0.391473966
CCCCCCC#CCCOC(=O)CCCC1(CCCC(=O)OCCC#CCCCCCC)C=NC(C(=O)OCC)N1CCN1CCN(C)CC1,1.090443971
CCCCCCC#CCCOC(=O)CCCC1(CCCC(=O)OCCC#CCCCCCC)C=NC(C(=O)OC(C)(C)C)N1CCN1CCN(C)CC1,1.236572006
CCCCCCC#CCCOC(=O)CCCC(C=NC(C)(C)C)(CCCC(=O)OCCC#CCCCCCC)NCCN1CCN(C)CC1,1.236572006
CCCCCCC#CCCOC(=O)CCCC(C=NCCCC)(CCCC(=O)OCCC#CCCCCCC)NCCN1CCN(C)CC1,1.090443971
CCCCCCC#CCCOC(=O)CCCC(C=NC1CCCCC1)(CCCC(=O)OCCC#CCCCCCC)NCCN1CCN(C)CC1,0.692503962
CCCCCCCC/C=C\CCCCCCCCOC(=O)CCCC1(CCCC(=O)OC(CCCCCCCC)CCCCCCCC)C=NC(C(=O)OC)N1CCN1CCN(C)CC1,2.870040462
CCCCCCCC/C=C\CCCCCCCCOC(=O)CCCC1(CCCC(=O)OC(CCCCCCCC)CCCCCCCC)C=NC(C(=O)OCC)N1CCN1CCN(C)CC1,2.115749836
CCCCCCCC/C=C\CCCCCCCCOC(=O)CCCC1(CCCC(=O)OC(CCCCCCCC)CCCCCCCC)C=NC(C(=O)OC(C)(C)C)N1CCN1CCN(C)CC1,1.090443971
CCCCCCCC/C=C\CCCCCCCCOC(=O)CCCC(C=NC(C)(C)C)(CCCC(=O)OC(CCCCCCCC)CCCCCCCC)NCCN1CCN(C)CC1,1.236572006
CCCCCCCC/C=C\CCCCCCCCOC(=O)CCCC(C=NCCCC)(CCCC(=O)OC(CCCCCCCC)CCCCCCCC)NCCN1CCN(C)CC1,0.391473966
CCCCCCCC/C=C\CCCCCCCCOC(=O)CCCC(C=NC1CCCCC1)(CCCC(=O)OC(CCCCCCCC)CCCCCCCC)NCCN1CCN(C)CC1,0.391473966
CCCCCCC#CCCOC(=O)CCCC1(CCCC(=O)OCCCCCCCC/C=C\CCCCCCCC)C=NC(C(=O)OC)N1CCN1CCN(C)CC1,2.667935771
CCCCCCC#CCCOC(=O)CCCC1(CCCC(=O)OCCCCCCCC/C=C\CCCCCCCC)C=NC(C(=O)OCC)N1CCN1CCN(C)CC1,2.78417092
CCCCCCC#CCCOC(=O)CCCC1(CCCC(=O)OCCCCCCCC/C=C\CCCCCCCC)C=NC(C(=O)OC(C)(C)C)N1CCN1CCN(C)CC1,1.236572006
CCCCCCC#CCCOC(=O)CCCC(C=NC(C)(C)C)(CCCC(=O)OCCCCCCCC/C=C\CCCCCCCC)NCCN1CCN(C)CC1,1.236572006
CCCCCCC#CCCOC(=O)CCCC(C=NCCCC)(CCCC(=O)OCCCCCCCC/C=C\CCCCCCCC)NCCN1CCN(C)CC1,1.236572006
CCCCCCC#CCCOC(=O)CCCC(C=NC1CCCCC1)(CCCC(=O)OCCCCCCCC/C=C\CCCCCCCC)NCCN1CCN(C)CC1,1.236572006
CCCCCCCCCCCCOC(=O)CCCC1(CCCC(=O)OCCCCCCCCCCCC)C=NC(C(=O)OC)N1CCN1CCN(C)CC1,1.236572006
CCCCCCCCCCCCOC(=O)CCCC1(CCCC(=O)OCCCCCCCCCCCC)C=NC(C(=O)OCC)N1CCN1CCN(C)CC1,1.236572006
CCCCCCCCCCCCOC(=O)CCCC1(CCCC(=O)OCCCCCCCCCCCC)C=NC(C(=O)OC(C)(C)C)N1CCN1CCN(C)CC1,1.090443971
CCCCCCCCCCCCOC(=O)CCCC(C=NC(C)(C)C)(CCCC(=O)OCCCCCCCCCCCC)NCCN1CCN(C)CC1,0.692503962
CCCCCCCCCCCCOC(=O)CCCC(C=NCCCC)(CCCC(=O)OCCCCCCCCCCCC)NCCN1CCN(C)CC1,0.993533958
CCCCCCCCCCCCOC(=O)CCCC(C=NC1CCCCC1)(CCCC(=O)OCCCCCCCCCCCC)NCCN1CCN(C)CC1,1.090443971
CCCCCCCCC(CCCCCCCC)OC(=O)CCCC1(CCCC(=O)OC(CCCCCCCC)CCCCCCCC)C=NC(C(=O)OC)N1CCN1CCN(C)CC1,1.537602002
CCCCCCCCC(CCCCCCCC)OC(=O)CCCC1(CCCC(=O)OC(CCCCCCCC)CCCCCCCC)C=NC(C(=O)OCC)N1CCN1CCN(C)CC1,1.646746472
CCCCCCCCC(CCCCCCCC)OC(=O)CCCC1(CCCC(=O)OC(CCCCCCCC)CCCCCCCC)C=NC(C(=O)OC(C)(C)C)N1CCN1CCN(C)CC1,0.993533958
CCCCCCCCC(CCCCCCCC)OC(=O)CCCC(C=NC(C)(C)C)(CCCC(=O)OC(CCCCCCCC)CCCCCCCC)NCCN1CCN(C)CC1,1.090443971
CCCCCCCCC(CCCCCCCC)OC(=O)CCCC(C=NCCCC)(CCCC(=O)OC(CCCCCCCC)CCCCCCCC)NCCN1CCN(C)CC1,0.868595221
CCCCCCCCC(CCCCCCCC)OC(=O)CCCC(C=NC1CCCCC1)(CCCC(=O)OC(CCCCCCCC)CCCCCCCC)NCCN1CCN(C)CC1,1.236572006
CCCCCCCC/C=C\CCCCCCCC1(CCCCCCC/C=C\CCCCCCCC)C=NC(C(=O)OC)N1CCN1CCN(C)CC1,1.236572006
CCCCCCCC/C=C\CCCCCCCC1(CCCCCCC/C=C\CCCCCCCC)C=NC(C(=O)OCC)N1CCN1CCN(C)CC1,0.692503962
CCCCCCCC/C=C\CCCCCCCC1(CCCCCCC/C=C\CCCCCCCC)C=NC(C(=O)OC(C)(C)C)N1CCN1CCN(C)CC1,1.236572006
CCCCCCCC/C=C\CCCCCCCC(C=NC(C)(C)C)(CCCCCCC/C=C\CCCCCCCC)NCCN1CCN(C)CC1,1.236572006
CCCCCCCC/C=C\CCCCCCCC(C=NCCCC)(CCCCCCC/C=C\CCCCCCCC)NCCN1CCN(C)CC1,1.090443971
CCCCCCCC/C=C\CCCCCCCC(C=NC1CCCCC1)(CCCCCCC/C=C\CCCCCCCC)NCCN1CCN(C)CC1,1.236572006
CCCCC/C=C\C/C=C\CCCCCCCCOC(=O)CCCC1(CCCC(=O)OCCCCCCCC/C=C\C/C=C\CCCCC)C=NC(C(=O)OC)N1CCCN1CCN(CCCN)CC1,0.391473966
CCCCC/C=C\C/C=C\CCCCCCCCOC(=O)CCCC1(CCCC(=O)OCCCCCCCC/C=C\C/C=C\CCCCC)C=NC(C(=O)OCC)N1CCCN1CCN(CCCN)CC1,1.090443971
CCCCC/C=C\C/C=C\CCCCCCCCOC(=O)CCCC1(CCCC(=O)OCCCCCCCC/C=C\C/C=C\CCCCC)C=NC(C(=O)OC(C)(C)C)N1CCCN1CCN(CCCN)CC1,1.236572006
CCCCC/C=C\C/C=C\CCCCCCCCOC(=O)CCCC(C=NC(C)(C)C)(CCCC(=O)OCCCCCCCC/C=C\C/C=C\CCCCC)NCCCN1CCN(CCCN)CC1,0.868595221
CCCCC/C=C\C/C=C\CCCCCCCCOC(=O)CCCC(C=NCCCC)(CCCC(=O)OCCCCCCCC/C=C\C/C=C\CCCCC)NCCCN1CCN(CCCN)CC1,1.169625217
CCCCC/C=C\C/C=C\CCCCCCCCOC(=O)CCCC(C=NC1CCCCC1)(CCCC(=O)OCCCCCCCC/C=C\C/C=C\CCCCC)NCCCN1CCN(CCCN)CC1,1.236572006
CCCCCCCC/C=C\CCCCCCCCOC(=O)CCCC1(CCCC(=O)OCCCCCCCC/C=C\CCCCCCCC)C=NC(C(=O)OC)N1CCCN1CCN(CCCN)CC1,1.470655212
CCCCCCCC/C=C\CCCCCCCCOC(=O)CCCC1(CCCC(=O)OCCCCCCCC/C=C\CCCCCCCC)C=NC(C(=O)OCC)N1CCCN1CCN(CCCN)CC1,1.236572006
CCCCCCCC/C=C\CCCCCCCCOC(=O)CCCC1(CCCC(=O)OCCCCCCCC/C=C\CCCCCCCC)C=NC(C(=O)OC(C)(C)C)N1CCCN1CCN(CCCN)CC1,1.169625217
CCCCCCCC/C=C\CCCCCCCCOC(=O)CCCC(C=NC(C)(C)C)(CCCC(=O)OCCCCCCCC/C=C\CCCCCCCC)NCCCN1CCN(CCCN)CC1,1.236572006
CCCCCCCC/C=C\CCCCCCCCOC(=O)CCCC(C=NCCCC)(CCCC(=O)OCCCCCCCC/C=C\CCCCCCCC)NCCCN1CCN(CCCN)CC1,0.391473966
CCCCCCCC/C=C\CCCCCCCCOC(=O)CCCC(C=NC1CCCCC1)(CCCC(=O)OCCCCCCCC/C=C\CCCCCCCC)NCCCN1CCN(CCCN)CC1,1.236572006
CCCCCCC#CCCOC(=O)CCCC1(CCCC(=O)OCCC#CCCCCCC)C=NC(C(=O)OC)N1CCCN1CCN(CCCN)CC1,1.169625217
CCCCCCC#CCCOC(=O)CCCC1(CCCC(=O)OCCC#CCCCCCC)C=NC(C(=O)OCC)N1CCCN1CCN(CCCN)CC1,1.236572006
CCCCCCC#CCCOC(=O)CCCC1(CCCC(=O)OCCC#CCCCCCC)C=NC(C(=O)OC(C)(C)C)N1CCCN1CCN(CCCN)CC1,1.236572006
CCCCCCC#CCCOC(=O)CCCC(C=NC(C)(C)C)(CCCC(=O)OCCC#CCCCCCC)NCCCN1CCN(CCCN)CC1,1.236572006
CCCCCCC#CCCOC(=O)CCCC(C=NCCCC)(CCCC(=O)OCCC#CCCCCCC)NCCCN1CCN(CCCN)CC1,1.236572006
CCCCCCC#CCCOC(=O)CCCC(C=NC1CCCCC1)(CCCC(=O)OCCC#CCCCCCC)NCCCN1CCN(CCCN)CC1,1.236572006
CCCCCCCC/C=C\CCCCCCCCOC(=O)CCCC1(CCCC(=O)OC(CCCCCCCC)CCCCCCCC)C=NC(C(=O)OC)N1CCCN1CCN(CCCN)CC1,1.909987906
CCCCCCCC/C=C\CCCCCCCCOC(=O)CCCC1(CCCC(=O)OC(CCCCCCCC)CCCCCCCC)C=NC(C(=O)OCC)N1CCCN1CCN(CCCN)CC1,1.432866652
CCCCCCCC/C=C\CCCCCCCCOC(=O)CCCC1(CCCC(=O)OC(CCCCCCCC)CCCCCCCC)C=NC(C(=O)OC(C)(C)C)N1CCCN1CCN(CCCN)CC1,1.432866652
CCCCCCCC/C=C\CCCCCCCCOC(=O)CCCC(C=NC(C)(C)C)(CCCC(=O)OC(CCCCCCCC)CCCCCCCC)NCCCN1CCN(CCCN)CC1,1.432866652
CCCCCCCC/C=C\CCCCCCCCOC(=O)CCCC(C=NCCCC)(CCCC(=O)OC(CCCCCCCC)CCCCCCCC)NCCCN1CCN(CCCN)CC1,1.236572006
CCCCCCCC/C=C\CCCCCCCCOC(=O)CCCC(C=NC1CCCCC1)(CCCC(=O)OC(CCCCCCCC)CCCCCCCC)NCCCN1CCN(CCCN)CC1,1.236572006
CCCCCCC#CCCOC(=O)CCCC1(CCCC(=O)OCCCCCCCC/C=C\CCCCCCCC)C=NC(C(=O)OC)N1CCCN1CCN(CCCN)CC1,1.947776467
CCCCCCC#CCCOC(=O)CCCC1(CCCC(=O)OCCCCCCCC/C=C\CCCCCCCC)C=NC(C(=O)OCC)N1CCCN1CCN(CCCN)CC1,1.868595221
CCCCCCC#CCCOC(=O)CCCC1(CCCC(=O)OCCCCCCCC/C=C\CCCCCCCC)C=NC(C(=O)OC(C)(C)C)N1CCCN1CCN(CCCN)CC1,1.294563953
CCCCCCC#CCCOC(=O)CCCC(C=NC(C)(C)C)(CCCC(=O)OCCCCCCCC/C=C\CCCCCCCC)NCCCN1CCN(CCCN)CC1,1.236572006
CCCCCCC#CCCOC(=O)CCCC(C=NCCCC)(CCCC(=O)OCCCCCCCC/C=C\CCCCCCCC)NCCCN1CCN(CCCN)CC1,0.993533958
CCCCCCC#CCCOC(=O)CCCC(C=NC1CCCCC1)(CCCC(=O)OCCCCCCCC/C=C\CCCCCCCC)NCCCN1CCN(CCCN)CC1,0.868595221
CCCCCCCCCCCCOC(=O)CCCC1(CCCC(=O)OCCCCCCCCCCCC)C=NC(C(=O)OC)N1CCCN1CCN(CCCN)CC1,1.236572006
CCCCCCCCCCCCOC(=O)CCCC1(CCCC(=O)OCCCCCCCCCCCC)C=NC(C(=O)OCC)N1CCCN1CCN(CCCN)CC1,0.391473966
CCCCCCCCCCCCOC(=O)CCCC1(CCCC(=O)OCCCCCCCCCCCC)C=NC(C(=O)OC(C)(C)C)N1CCCN1CCN(CCCN)CC1,2.99892899
CCCCCCCCCCCCOC(=O)CCCC(C=NC(C)(C)C)(CCCC(=O)OCCCCCCCCCCCC)NCCCN1CCN(CCCN)CC1,1.236572006
CCCCCCCCCCCCOC(=O)CCCC(C=NCCCC)(CCCC(=O)OCCCCCCCCCCCC)NCCCN1CCN(CCCN)CC1,1.169625217
CCCCCCCCCCCCOC(=O)CCCC(C=NC1CCCCC1)(CCCC(=O)OCCCCCCCCCCCC)NCCCN1CCN(CCCN)CC1,0.993533958
CCCCCCCCC(CCCCCCCC)OC(=O)CCCC1(CCCC(=O)OC(CCCCCCCC)CCCCCCCC)C=NC(C(=O)OC)N1CCCN1CCN(CCCN)CC1,1.621922888
CCCCCCCCC(CCCCCCCC)OC(=O)CCCC1(CCCC(=O)OC(CCCCCCCC)CCCCCCCC)C=NC(C(=O)OCC)N1CCCN1CCN(CCCN)CC1,1.432866652
CCCCCCCCC(CCCCCCCC)OC(=O)CCCC1(CCCC(=O)OC(CCCCCCCC)CCCCCCCC)C=NC(C(=O)OC(C)(C)C)N1CCCN1CCN(CCCN)CC1,1.432866652
CCCCCCCCC(CCCCCCCC)OC(=O)CCCC(C=NC(C)(C)C)(CCCC(=O)OC(CCCCCCCC)CCCCCCCC)NCCCN1CCN(CCCN)CC1,1.236572006
CCCCCCCCC(CCCCCCCC)OC(=O)CCCC(C=NCCCC)(CCCC(=O)OC(CCCCCCCC)CCCCCCCC)NCCCN1CCN(CCCN)CC1,0.391473966
CCCCCCCCC(CCCCCCCC)OC(=O)CCCC(C=NC1CCCCC1)(CCCC(=O)OC(CCCCCCCC)CCCCCCCC)NCCCN1CCN(CCCN)CC1,1.090443971
CCCCCCCC/C=C\CCCCCCCC1(CCCCCCC/C=C\CCCCCCCC)C=NC(C(=O)OC)N1CCCN1CCN(CCCN)CC1,1.236572006
CCCCCCCC/C=C\CCCCCCCC1(CCCCCCC/C=C\CCCCCCCC)C=NC(C(=O)OCC)N1CCCN1CCN(CCCN)CC1,1.236572006
CCCCCCCC/C=C\CCCCCCCC1(CCCCCCC/C=C\CCCCCCCC)C=NC(C(=O)OC(C)(C)C)N1CCCN1CCN(CCCN)CC1,1.169625217
CCCCCCCC/C=C\CCCCCCCC(C=NC(C)(C)C)(CCCCCCC/C=C\CCCCCCCC)NCCCN1CCN(CCCN)CC1,1.236572006
CCCCCCCC/C=C\CCCCCCCC(C=NCCCC)(CCCCCCC/C=C\CCCCCCCC)NCCCN1CCN(CCCN)CC1,1.090443971
CCCCCCCC/C=C\CCCCCCCC(C=NC1CCCCC1)(CCCCCCC/C=C\CCCCCCCC)NCCCN1CCN(CCCN)CC1,1.391473966
