lipid_id,starter,head_group,head_raw,linker_group,linker_raw,tail,combo,score_mean,score_std,rank_no8,library_size_no8,in_top_2500,cluster,smiles
EtOHA-RK-HSV-u(Ole),EtOHA,RK,RK,HVS,HSV,u(Ole),RK|HVS|u(Ole),89.128,6.35,463,334948,True,2,CCCCCCCC/C=C\CCCCCCCC(=O)NC(C(=O)NC(CO)C(=O)NC(Cc1c[nH]cn1)C(=O)NCCCCC(NC(=O)C(Cc1c[nH]cn1)NC(=O)C(CO)NC(=O)C(NC(=O)CCCCCCC/C=C\CCCCCCCC)C(C)C)C(=O)NC(CCCNC(=N)N)C(=O)NCCO)C(C)C
EtOHA-SRK-HSV-u(Lin),EtOHA,RSK,SRK,HVS,HSV,u(Lin),RSK|HVS|u(Lin),89.005,10.269,484,334948,True,2,CCCCC/C=C\C/C=C\CCCCCCCC(=O)NC(C(=O)NC(CO)C(=O)NC(Cc1c[nH]cn1)C(=O)NCCCCC(NC(=O)C(Cc1c[nH]cn1)NC(=O)C(CO)NC(=O)C(NC(=O)CCCCCCC/C=C\C/C=C\CCCCC)C(C)C)C(=O)NC(CCCNC(=N)N)C(=O)NC(CO)C(=O)NCCO)C(C)C
EtOHA-SSRK-HVS-u(Lin),EtOHA,RS2K,SSRK,HVS,HVS,u(Lin),RS2K|HVS|u(Lin),87.967,11.084,756,334948,True,2,CCCCC/C=C\C/C=C\CCCCCCCC(=O)NC(CO)C(=O)NC(C(=O)NC(Cc1c[nH]cn1)C(=O)NCCCCC(NC(=O)C(Cc1c[nH]cn1)NC(=O)C(NC(=O)C(CO)NC(=O)CCCCCCC/C=C\C/C=C\CCCCC)C(C)C)C(=O)NC(CCCNC(=N)N)C(=O)NC(CO)C(=O)NC(CO)C(=O)NCCO)C(C)C
EtOHA-SRK-HVS-u(Lin),EtOHA,RSK,SRK,HVS,HVS,u(Lin),RSK|HVS|u(Lin),87.687,13.25,835,334948,True,2,CCCCC/C=C\C/C=C\CCCCCCCC(=O)NC(CO)C(=O)NC(C(=O)NC(Cc1c[nH]cn1)C(=O)NCCCCC(NC(=O)C(Cc1c[nH]cn1)NC(=O)C(NC(=O)C(CO)NC(=O)CCCCCCC/C=C\C/C=C\CCCCC)C(C)C)C(=O)NC(CCCNC(=N)N)C(=O)NC(CO)C(=O)NCCO)C(C)C
EtOHA-RK-HCV-u(Ole),EtOHA,RK,RK,HVC,HCV,u(Ole),RK|HVC|u(Ole),85.994,14.505,1478,334948,True,2,CCCCCCCC/C=C\CCCCCCCC(=O)NC(C(=O)NC(CS)C(=O)NC(Cc1c[nH]cn1)C(=O)NCCCCC(NC(=O)C(Cc1c[nH]cn1)NC(=O)C(CS)NC(=O)C(NC(=O)CCCCCCC/C=C\CCCCCCCC)C(C)C)C(=O)NC(CCCNC(=N)N)C(=O)NCCO)C(C)C
EtOHA-RSK-HSV-u(Ole),EtOHA,RSK,RSK,HVS,HSV,u(Ole),RSK|HVS|u(Ole),85.982,9.076,1485,334948,True,2,CCCCCCCC/C=C\CCCCCCCC(=O)NC(C(=O)NC(CO)C(=O)NC(Cc1c[nH]cn1)C(=O)NCCCCC(NC(=O)C(Cc1c[nH]cn1)NC(=O)C(CO)NC(=O)C(NC(=O)CCCCCCC/C=C\CCCCCCCC)C(C)C)C(=O)NC(CO)C(=O)NC(CCCNC(=N)N)C(=O)NCCO)C(C)C
EtOHA-SRK-SHV-u(Lin),EtOHA,RSK,SRK,HVS,SHV,u(Lin),RSK|HVS|u(Lin),85.935,9.771,1507,334948,True,2,CCCCC/C=C\C/C=C\CCCCCCCC(=O)NC(C(=O)NC(Cc1c[nH]cn1)C(=O)NC(CO)C(=O)NCCCCC(NC(=O)C(CO)NC(=O)C(Cc1c[nH]cn1)NC(=O)C(NC(=O)CCCCCCC/C=C\C/C=C\CCCCC)C(C)C)C(=O)NC(CCCNC(=N)N)C(=O)NC(CO)C(=O)NCCO)C(C)C
EtOHA-RK-SHV-u(Ole),EtOHA,RK,RK,HVS,SHV,u(Ole),RK|HVS|u(Ole),85.866,6.35,1541,334948,True,2,CCCCCCCC/C=C\CCCCCCCC(=O)NC(C(=O)NC(Cc1c[nH]cn1)C(=O)NC(CO)C(=O)NCCCCC(NC(=O)C(CO)NC(=O)C(Cc1c[nH]cn1)NC(=O)C(NC(=O)CCCCCCC/C=C\CCCCCCCC)C(C)C)C(=O)NC(CCCNC(=N)N)C(=O)NCCO)C(C)C
EtOHA-RSK-HCV-u(Lin),EtOHA,RSK,RSK,HVC,HCV,u(Lin),RSK|HVC|u(Lin),85.773,13.22,1581,334948,True,2,CCCCC/C=C\C/C=C\CCCCCCCC(=O)NC(C(=O)NC(CS)C(=O)NC(Cc1c[nH]cn1)C(=O)NCCCCC(NC(=O)C(Cc1c[nH]cn1)NC(=O)C(CS)NC(=O)C(NC(=O)CCCCCCC/C=C\C/C=C\CCCCC)C(C)C)C(=O)NC(CO)C(=O)NC(CCCNC(=N)N)C(=O)NCCO)C(C)C
EtOHA-RSK-HSV-u(Lin),EtOHA,RSK,RSK,HVS,HSV,u(Lin),RSK|HVS|u(Lin),85.754,12.958,1590,334948,True,2,CCCCC/C=C\C/C=C\CCCCCCCC(=O)NC(C(=O)NC(CO)C(=O)NC(Cc1c[nH]cn1)C(=O)NCCCCC(NC(=O)C(Cc1c[nH]cn1)NC(=O)C(CO)NC(=O)C(NC(=O)CCCCCCC/C=C\C/C=C\CCCCC)C(C)C)C(=O)NC(CO)C(=O)NC(CCCNC(=N)N)C(=O)NCCO)C(C)C
EtOHA-RK-HVS-u(Lin),EtOHA,RK,RK,HVS,HVS,u(Lin),RK|HVS|u(Lin),85.13,9.87,1936,334948,True,2,CCCCC/C=C\C/C=C\CCCCCCCC(=O)NC(CO)C(=O)NC(C(=O)NC(Cc1c[nH]cn1)C(=O)NCCCCC(NC(=O)C(Cc1c[nH]cn1)NC(=O)C(NC(=O)C(CO)NC(=O)CCCCCCC/C=C\C/C=C\CCCCC)C(C)C)C(=O)NC(CCCNC(=N)N)C(=O)NCCO)C(C)C
EtOHA-SRSK-HSV-u(Lin),EtOHA,RS2K,SRSK,HVS,HSV,u(Lin),RS2K|HVS|u(Lin),85.11,12.683,1948,334948,True,2,CCCCC/C=C\C/C=C\CCCCCCCC(=O)NC(C(=O)NC(CO)C(=O)NC(Cc1c[nH]cn1)C(=O)NCCCCC(NC(=O)C(Cc1c[nH]cn1)NC(=O)C(CO)NC(=O)C(NC(=O)CCCCCCC/C=C\C/C=C\CCCCC)C(C)C)C(=O)NC(CO)C(=O)NC(CCCNC(=N)N)C(=O)NC(CO)C(=O)NCCO)C(C)C
EtOHA-SSRK-HSV-u(Lin),EtOHA,RS2K,SSRK,HVS,HSV,u(Lin),RS2K|HVS|u(Lin),84.566,12.129,2308,334948,True,2,CCCCC/C=C\C/C=C\CCCCCCCC(=O)NC(C(=O)NC(CO)C(=O)NC(Cc1c[nH]cn1)C(=O)NCCCCC(NC(=O)C(Cc1c[nH]cn1)NC(=O)C(CO)NC(=O)C(NC(=O)CCCCCCC/C=C\C/C=C\CCCCC)C(C)C)C(=O)NC(CCCNC(=N)N)C(=O)NC(CO)C(=O)NC(CO)C(=O)NCCO)C(C)C
EtOHA-RSSK-HCV-u(Lin),EtOHA,RS2K,RSSK,HVC,HCV,u(Lin),RS2K|HVC|u(Lin),84.428,11.694,2420,334948,True,2,CCCCC/C=C\C/C=C\CCCCCCCC(=O)NC(C(=O)NC(CS)C(=O)NC(Cc1c[nH]cn1)C(=O)NCCCCC(NC(=O)C(Cc1c[nH]cn1)NC(=O)C(CS)NC(=O)C(NC(=O)CCCCCCC/C=C\C/C=C\CCCCC)C(C)C)C(=O)NC(CO)C(=O)NC(CO)C(=O)NC(CCCNC(=N)N)C(=O)NCCO)C(C)C
EtOHA-RSSK-HCV-u(Ole),EtOHA,RS2K,RSSK,HVC,HCV,u(Ole),RS2K|HVC|u(Ole),83.793,10.708,2902,334948,False,,CCCCCCCC/C=C\CCCCCCCC(=O)NC(C(=O)NC(CS)C(=O)NC(Cc1c[nH]cn1)C(=O)NCCCCC(NC(=O)C(Cc1c[nH]cn1)NC(=O)C(CS)NC(=O)C(NC(=O)CCCCCCC/C=C\CCCCCCCC)C(C)C)C(=O)NC(CO)C(=O)NC(CO)C(=O)NC(CCCNC(=N)N)C(=O)NCCO)C(C)C
EtOHA-RK-HVS-u(Ole),EtOHA,RK,RK,HVS,HVS,u(Ole),RK|HVS|u(Ole),83.684,12.735,2986,334948,False,,CCCCCCCC/C=C\CCCCCCCC(=O)NC(CO)C(=O)NC(C(=O)NC(Cc1c[nH]cn1)C(=O)NCCCCC(NC(=O)C(Cc1c[nH]cn1)NC(=O)C(NC(=O)C(CO)NC(=O)CCCCCCC/C=C\CCCCCCCC)C(C)C)C(=O)NC(CCCNC(=N)N)C(=O)NCCO)C(C)C
EtOHA-RK-SHV-u(Lin),EtOHA,RK,RK,HVS,SHV,u(Lin),RK|HVS|u(Lin),83.489,15.146,3136,334948,False,,CCCCC/C=C\C/C=C\CCCCCCCC(=O)NC(C(=O)NC(Cc1c[nH]cn1)C(=O)NC(CO)C(=O)NCCCCC(NC(=O)C(CO)NC(=O)C(Cc1c[nH]cn1)NC(=O)C(NC(=O)CCCCCCC/C=C\C/C=C\CCCCC)C(C)C)C(=O)NC(CCCNC(=N)N)C(=O)NCCO)C(C)C
EtOHA-RK-HSV-u(Lin),EtOHA,RK,RK,HVS,HSV,u(Lin),RK|HVS|u(Lin),83.02,12.24,3524,334948,False,,CCCCC/C=C\C/C=C\CCCCCCCC(=O)NC(C(=O)NC(CO)C(=O)NC(Cc1c[nH]cn1)C(=O)NCCCCC(NC(=O)C(Cc1c[nH]cn1)NC(=O)C(CO)NC(=O)C(NC(=O)CCCCCCC/C=C\C/C=C\CCCCC)C(C)C)C(=O)NC(CCCNC(=N)N)C(=O)NCCO)C(C)C
EtOHA-SSRK-SHV-u(Lin),EtOHA,RS2K,SSRK,HVS,SHV,u(Lin),RS2K|HVS|u(Lin),82.664,9.817,3857,334948,False,,CCCCC/C=C\C/C=C\CCCCCCCC(=O)NC(C(=O)NC(Cc1c[nH]cn1)C(=O)NC(CO)C(=O)NCCCCC(NC(=O)C(CO)NC(=O)C(Cc1c[nH]cn1)NC(=O)C(NC(=O)CCCCCCC/C=C\C/C=C\CCCCC)C(C)C)C(=O)NC(CCCNC(=N)N)C(=O)NC(CO)C(=O)NC(CO)C(=O)NCCO)C(C)C
EtOHA-SSRK-HSV-s2(6/8),EtOHA,RS2K,SSRK,HVS,HSV,s2(6/8),RS2K|HVS|s2(6/8),82.531,13.167,4000,334948,False,,CCCCCCCCC(CCCCCC)C(=O)NC(C(=O)NC(CO)C(=O)NC(Cc1c[nH]cn1)C(=O)NCCCCC(NC(=O)C(Cc1c[nH]cn1)NC(=O)C(CO)NC(=O)C(NC(=O)C(CCCCCC)CCCCCCCC)C(C)C)C(=O)NC(CCCNC(=N)N)C(=O)NC(CO)C(=O)NC(CO)C(=O)NCCO)C(C)C
EtOHA-RK-HVS-s2(6/8),EtOHA,RK,RK,HVS,HVS,s2(6/8),RK|HVS|s2(6/8),82.337,9.889,4191,334948,False,,CCCCCCCCC(CCCCCC)C(=O)NC(CO)C(=O)NC(C(=O)NC(Cc1c[nH]cn1)C(=O)NCCCCC(NC(=O)C(Cc1c[nH]cn1)NC(=O)C(NC(=O)C(CO)NC(=O)C(CCCCCC)CCCCCCCC)C(C)C)C(=O)NC(CCCNC(=N)N)C(=O)NCCO)C(C)C
EtOHA-RK-HSV-s2(6/8),EtOHA,RK,RK,HVS,HSV,s2(6/8),RK|HVS|s2(6/8),82.313,13.091,4217,334948,False,,CCCCCCCCC(CCCCCC)C(=O)NC(C(=O)NC(CO)C(=O)NC(Cc1c[nH]cn1)C(=O)NCCCCC(NC(=O)C(Cc1c[nH]cn1)NC(=O)C(CO)NC(=O)C(NC(=O)C(CCCCCC)CCCCCCCC)C(C)C)C(=O)NC(CCCNC(=N)N)C(=O)NCCO)C(C)C
EtOHA-RSK-HVS-u(Lin),EtOHA,RSK,RSK,HVS,HVS,u(Lin),RSK|HVS|u(Lin),82.177,17.165,4381,334948,False,,CCCCC/C=C\C/C=C\CCCCCCCC(=O)NC(CO)C(=O)NC(C(=O)NC(Cc1c[nH]cn1)C(=O)NCCCCC(NC(=O)C(Cc1c[nH]cn1)NC(=O)C(NC(=O)C(CO)NC(=O)CCCCCCC/C=C\C/C=C\CCCCC)C(C)C)C(=O)NC(CO)C(=O)NC(CCCNC(=N)N)C(=O)NCCO)C(C)C
EtOHA-SSRK-HSV-u(Ole),EtOHA,RS2K,SSRK,HVS,HSV,u(Ole),RS2K|HVS|u(Ole),82.048,15.447,4512,334948,False,,CCCCCCCC/C=C\CCCCCCCC(=O)NC(C(=O)NC(CO)C(=O)NC(Cc1c[nH]cn1)C(=O)NCCCCC(NC(=O)C(Cc1c[nH]cn1)NC(=O)C(CO)NC(=O)C(NC(=O)CCCCCCC/C=C\CCCCCCCC)C(C)C)C(=O)NC(CCCNC(=N)N)C(=O)NC(CO)C(=O)NC(CO)C(=O)NCCO)C(C)C
EtOHA-KK-SHV-u(Lin),EtOHA,KK,KK,HVS,SHV,u(Lin),KK|HVS|u(Lin),81.782,20.328,4806,334948,False,,CCCCC/C=C\C/C=C\CCCCCCCC(=O)NC(C(=O)NC(Cc1c[nH]cn1)C(=O)NC(CO)C(=O)NCCCCC(NC(=O)C(CO)NC(=O)C(Cc1c[nH]cn1)NC(=O)C(NC(=O)CCCCCCC/C=C\C/C=C\CCCCC)C(C)C)C(=O)NC(CCCCN)C(=O)NCCO)C(C)C
EtOHA-RK-HCV-s2(6/8),EtOHA,RK,RK,HVC,HCV,s2(6/8),RK|HVC|s2(6/8),81.303,23.769,5400,334948,False,,CCCCCCCCC(CCCCCC)C(=O)NC(C(=O)NC(CS)C(=O)NC(Cc1c[nH]cn1)C(=O)NCCCCC(NC(=O)C(Cc1c[nH]cn1)NC(=O)C(CS)NC(=O)C(NC(=O)C(CCCCCC)CCCCCCCC)C(C)C)C(=O)NC(CCCNC(=N)N)C(=O)NCCO)C(C)C
EtOHA-SRSK-HSV-s2(6/8),EtOHA,RS2K,SRSK,HVS,HSV,s2(6/8),RS2K|HVS|s2(6/8),81.075,15.159,5699,334948,False,,CCCCCCCCC(CCCCCC)C(=O)NC(C(=O)NC(CO)C(=O)NC(Cc1c[nH]cn1)C(=O)NCCCCC(NC(=O)C(Cc1c[nH]cn1)NC(=O)C(CO)NC(=O)C(NC(=O)C(CCCCCC)CCCCCCCC)C(C)C)C(=O)NC(CO)C(=O)NC(CCCNC(=N)N)C(=O)NC(CO)C(=O)NCCO)C(C)C
EtOHA-RSK-HCV-u(Ole),EtOHA,RSK,RSK,HVC,HCV,u(Ole),RSK|HVC|u(Ole),80.988,17.71,5820,334948,False,,CCCCCCCC/C=C\CCCCCCCC(=O)NC(C(=O)NC(CS)C(=O)NC(Cc1c[nH]cn1)C(=O)NCCCCC(NC(=O)C(Cc1c[nH]cn1)NC(=O)C(CS)NC(=O)C(NC(=O)CCCCCCC/C=C\CCCCCCCC)C(C)C)C(=O)NC(CO)C(=O)NC(CCCNC(=N)N)C(=O)NCCO)C(C)C
EtOHA-RSSK-SHV-u(Ole),EtOHA,RS2K,RSSK,HVS,SHV,u(Ole),RS2K|HVS|u(Ole),80.874,13.883,5970,334948,False,,CCCCCCCC/C=C\CCCCCCCC(=O)NC(C(=O)NC(Cc1c[nH]cn1)C(=O)NC(CO)C(=O)NCCCCC(NC(=O)C(CO)NC(=O)C(Cc1c[nH]cn1)NC(=O)C(NC(=O)CCCCCCC/C=C\CCCCCCCC)C(C)C)C(=O)NC(CO)C(=O)NC(CO)C(=O)NC(CCCNC(=N)N)C(=O)NCCO)C(C)C
EtOHA-SRSK-HVS-u(Lin),EtOHA,RS2K,SRSK,HVS,HVS,u(Lin),RS2K|HVS|u(Lin),80.317,17.177,6737,334948,False,,CCCCC/C=C\C/C=C\CCCCCCCC(=O)NC(CO)C(=O)NC(C(=O)NC(Cc1c[nH]cn1)C(=O)NCCCCC(NC(=O)C(Cc1c[nH]cn1)NC(=O)C(NC(=O)C(CO)NC(=O)CCCCCCC/C=C\C/C=C\CCCCC)C(C)C)C(=O)NC(CO)C(=O)NC(CCCNC(=N)N)C(=O)NC(CO)C(=O)NCCO)C(C)C
EtOHA-RSSK-HSV-u(Ole),EtOHA,RS2K,RSSK,HVS,HSV,u(Ole),RS2K|HVS|u(Ole),80.27,15.799,6818,334948,False,,CCCCCCCC/C=C\CCCCCCCC(=O)NC(C(=O)NC(CO)C(=O)NC(Cc1c[nH]cn1)C(=O)NCCCCC(NC(=O)C(Cc1c[nH]cn1)NC(=O)C(CO)NC(=O)C(NC(=O)CCCCCCC/C=C\CCCCCCCC)C(C)C)C(=O)NC(CO)C(=O)NC(CO)C(=O)NC(CCCNC(=N)N)C(=O)NCCO)C(C)C
EtOHA-KK-HCV-u(Lin),EtOHA,KK,KK,HVC,HCV,u(Lin),KK|HVC|u(Lin),80.259,27.799,6831,334948,False,,CCCCC/C=C\C/C=C\CCCCCCCC(=O)NC(C(=O)NC(CS)C(=O)NC(Cc1c[nH]cn1)C(=O)NCCCCC(NC(=O)C(Cc1c[nH]cn1)NC(=O)C(CS)NC(=O)C(NC(=O)CCCCCCC/C=C\C/C=C\CCCCC)C(C)C)C(=O)NC(CCCCN)C(=O)NCCO)C(C)C
EtOHA-SRK-HVS-s2(6/8),EtOHA,RSK,SRK,HVS,HVS,s2(6/8),RSK|HVS|s2(6/8),80.25,13.581,6843,334948,False,,CCCCCCCCC(CCCCCC)C(=O)NC(CO)C(=O)NC(C(=O)NC(Cc1c[nH]cn1)C(=O)NCCCCC(NC(=O)C(Cc1c[nH]cn1)NC(=O)C(NC(=O)C(CO)NC(=O)C(CCCCCC)CCCCCCCC)C(C)C)C(=O)NC(CCCNC(=N)N)C(=O)NC(CO)C(=O)NCCO)C(C)C
EtOHA-RK-HCV-u(Lin),EtOHA,RK,RK,HVC,HCV,u(Lin),RK|HVC|u(Lin),80.012,11.768,7214,334948,False,,CCCCC/C=C\C/C=C\CCCCCCCC(=O)NC(C(=O)NC(CS)C(=O)NC(Cc1c[nH]cn1)C(=O)NCCCCC(NC(=O)C(Cc1c[nH]cn1)NC(=O)C(CS)NC(=O)C(NC(=O)CCCCCCC/C=C\C/C=C\CCCCC)C(C)C)C(=O)NC(CCCNC(=N)N)C(=O)NCCO)C(C)C
EtOHA-SRSK-HSV-u(Ole),EtOHA,RS2K,SRSK,HVS,HSV,u(Ole),RS2K|HVS|u(Ole),79.966,15.74,7282,334948,False,,CCCCCCCC/C=C\CCCCCCCC(=O)NC(C(=O)NC(CO)C(=O)NC(Cc1c[nH]cn1)C(=O)NCCCCC(NC(=O)C(Cc1c[nH]cn1)NC(=O)C(CO)NC(=O)C(NC(=O)CCCCCCC/C=C\CCCCCCCC)C(C)C)C(=O)NC(CO)C(=O)NC(CCCNC(=N)N)C(=O)NC(CO)C(=O)NCCO)C(C)C
EtOHA-KK-HSV-u(Lin),EtOHA,KK,KK,HVS,HSV,u(Lin),KK|HVS|u(Lin),79.958,22.737,7295,334948,False,,CCCCC/C=C\C/C=C\CCCCCCCC(=O)NC(C(=O)NC(CO)C(=O)NC(Cc1c[nH]cn1)C(=O)NCCCCC(NC(=O)C(Cc1c[nH]cn1)NC(=O)C(CO)NC(=O)C(NC(=O)CCCCCCC/C=C\C/C=C\CCCCC)C(C)C)C(=O)NC(CCCCN)C(=O)NCCO)C(C)C
EtOHA-SSRK-SHV-u(Ole),EtOHA,RS2K,SSRK,HVS,SHV,u(Ole),RS2K|HVS|u(Ole),79.944,14.293,7317,334948,False,,CCCCCCCC/C=C\CCCCCCCC(=O)NC(C(=O)NC(Cc1c[nH]cn1)C(=O)NC(CO)C(=O)NCCCCC(NC(=O)C(CO)NC(=O)C(Cc1c[nH]cn1)NC(=O)C(NC(=O)CCCCCCC/C=C\CCCCCCCC)C(C)C)C(=O)NC(CCCNC(=N)N)C(=O)NC(CO)C(=O)NC(CO)C(=O)NCCO)C(C)C
EtOHA-SRSK-SHV-u(Lin),EtOHA,RS2K,SRSK,HVS,SHV,u(Lin),RS2K|HVS|u(Lin),79.933,14.411,7329,334948,False,,CCCCC/C=C\C/C=C\CCCCCCCC(=O)NC(C(=O)NC(Cc1c[nH]cn1)C(=O)NC(CO)C(=O)NCCCCC(NC(=O)C(CO)NC(=O)C(Cc1c[nH]cn1)NC(=O)C(NC(=O)CCCCCCC/C=C\C/C=C\CCCCC)C(C)C)C(=O)NC(CO)C(=O)NC(CCCNC(=N)N)C(=O)NC(CO)C(=O)NCCO)C(C)C
EtOHA-RSK-SHV-u(Lin),EtOHA,RSK,RSK,HVS,SHV,u(Lin),RSK|HVS|u(Lin),79.795,16.304,7541,334948,False,,CCCCC/C=C\C/C=C\CCCCCCCC(=O)NC(C(=O)NC(Cc1c[nH]cn1)C(=O)NC(CO)C(=O)NCCCCC(NC(=O)C(CO)NC(=O)C(Cc1c[nH]cn1)NC(=O)C(NC(=O)CCCCCCC/C=C\C/C=C\CCCCC)C(C)C)C(=O)NC(CO)C(=O)NC(CCCNC(=N)N)C(=O)NCCO)C(C)C
EtOHA-SRK-HSV-u(Ole),EtOHA,RSK,SRK,HVS,HSV,u(Ole),RSK|HVS|u(Ole),79.664,12.384,7750,334948,False,,CCCCCCCC/C=C\CCCCCCCC(=O)NC(C(=O)NC(CO)C(=O)NC(Cc1c[nH]cn1)C(=O)NCCCCC(NC(=O)C(Cc1c[nH]cn1)NC(=O)C(CO)NC(=O)C(NC(=O)CCCCCCC/C=C\CCCCCCCC)C(C)C)C(=O)NC(CCCNC(=N)N)C(=O)NC(CO)C(=O)NCCO)C(C)C
EtOHA-RSSK-HSV-u(Lin),EtOHA,RS2K,RSSK,HVS,HSV,u(Lin),RS2K|HVS|u(Lin),79.624,14.644,7827,334948,False,,CCCCC/C=C\C/C=C\CCCCCCCC(=O)NC(C(=O)NC(CO)C(=O)NC(Cc1c[nH]cn1)C(=O)NCCCCC(NC(=O)C(Cc1c[nH]cn1)NC(=O)C(CO)NC(=O)C(NC(=O)CCCCCCC/C=C\C/C=C\CCCCC)C(C)C)C(=O)NC(CO)C(=O)NC(CO)C(=O)NC(CCCNC(=N)N)C(=O)NCCO)C(C)C
EtOHA-RSK-SHV-u(Ole),EtOHA,RSK,RSK,HVS,SHV,u(Ole),RSK|HVS|u(Ole),79.055,17.983,8727,334948,False,,CCCCCCCC/C=C\CCCCCCCC(=O)NC(C(=O)NC(Cc1c[nH]cn1)C(=O)NC(CO)C(=O)NCCCCC(NC(=O)C(CO)NC(=O)C(Cc1c[nH]cn1)NC(=O)C(NC(=O)CCCCCCC/C=C\CCCCCCCC)C(C)C)C(=O)NC(CO)C(=O)NC(CCCNC(=N)N)C(=O)NCCO)C(C)C
EtOHA-SRSK-HVS-s2(6/8),EtOHA,RS2K,SRSK,HVS,HVS,s2(6/8),RS2K|HVS|s2(6/8),79.012,17.101,8798,334948,False,,CCCCCCCCC(CCCCCC)C(=O)NC(CO)C(=O)NC(C(=O)NC(Cc1c[nH]cn1)C(=O)NCCCCC(NC(=O)C(Cc1c[nH]cn1)NC(=O)C(NC(=O)C(CO)NC(=O)C(CCCCCC)CCCCCCCC)C(C)C)C(=O)NC(CO)C(=O)NC(CCCNC(=N)N)C(=O)NC(CO)C(=O)NCCO)C(C)C
EtOHA-SRSK-HVS-u(Ole),EtOHA,RS2K,SRSK,HVS,HVS,u(Ole),RS2K|HVS|u(Ole),78.948,15.605,8909,334948,False,,CCCCCCCC/C=C\CCCCCCCC(=O)NC(CO)C(=O)NC(C(=O)NC(Cc1c[nH]cn1)C(=O)NCCCCC(NC(=O)C(Cc1c[nH]cn1)NC(=O)C(NC(=O)C(CO)NC(=O)CCCCCCC/C=C\CCCCCCCC)C(C)C)C(=O)NC(CO)C(=O)NC(CCCNC(=N)N)C(=O)NC(CO)C(=O)NCCO)C(C)C
EtOHA-RSK-HVS-s2(6/8),EtOHA,RSK,RSK,HVS,HVS,s2(6/8),RSK|HVS|s2(6/8),78.662,16.708,9408,334948,False,,CCCCCCCCC(CCCCCC)C(=O)NC(CO)C(=O)NC(C(=O)NC(Cc1c[nH]cn1)C(=O)NCCCCC(NC(=O)C(Cc1c[nH]cn1)NC(=O)C(NC(=O)C(CO)NC(=O)C(CCCCCC)CCCCCCCC)C(C)C)C(=O)NC(CO)C(=O)NC(CCCNC(=N)N)C(=O)NCCO)C(C)C
EtOHA-RSK-HVS-u(Ole),EtOHA,RSK,RSK,HVS,HVS,u(Ole),RSK|HVS|u(Ole),78.645,13.11,9440,334948,False,,CCCCCCCC/C=C\CCCCCCCC(=O)NC(CO)C(=O)NC(C(=O)NC(Cc1c[nH]cn1)C(=O)NCCCCC(NC(=O)C(Cc1c[nH]cn1)NC(=O)C(NC(=O)C(CO)NC(=O)CCCCCCC/C=C\CCCCCCCC)C(C)C)C(=O)NC(CO)C(=O)NC(CCCNC(=N)N)C(=O)NCCO)C(C)C
EtOHA-SSRK-HVS-u(Ole),EtOHA,RS2K,SSRK,HVS,HVS,u(Ole),RS2K|HVS|u(Ole),78.513,14.148,9685,334948,False,,CCCCCCCC/C=C\CCCCCCCC(=O)NC(CO)C(=O)NC(C(=O)NC(Cc1c[nH]cn1)C(=O)NCCCCC(NC(=O)C(Cc1c[nH]cn1)NC(=O)C(NC(=O)C(CO)NC(=O)CCCCCCC/C=C\CCCCCCCC)C(C)C)C(=O)NC(CCCNC(=N)N)C(=O)NC(CO)C(=O)NC(CO)C(=O)NCCO)C(C)C
EtOHA-KSK-HCV-u(Lin),EtOHA,KSK,KSK,HVC,HCV,u(Lin),KSK|HVC|u(Lin),78.315,27.314,10042,334948,False,,CCCCC/C=C\C/C=C\CCCCCCCC(=O)NC(C(=O)NC(CS)C(=O)NC(Cc1c[nH]cn1)C(=O)NCCCCC(NC(=O)C(Cc1c[nH]cn1)NC(=O)C(CS)NC(=O)C(NC(=O)CCCCCCC/C=C\C/C=C\CCCCC)C(C)C)C(=O)NC(CO)C(=O)NC(CCCCN)C(=O)NCCO)C(C)C
EtOHA-RSSK-HCV-s2(6/8),EtOHA,RS2K,RSSK,HVC,HCV,s2(6/8),RS2K|HVC|s2(6/8),78.195,23.475,10254,334948,False,,CCCCCCCCC(CCCCCC)C(=O)NC(C(=O)NC(CS)C(=O)NC(Cc1c[nH]cn1)C(=O)NCCCCC(NC(=O)C(Cc1c[nH]cn1)NC(=O)C(CS)NC(=O)C(NC(=O)C(CCCCCC)CCCCCCCC)C(C)C)C(=O)NC(CO)C(=O)NC(CO)C(=O)NC(CCCNC(=N)N)C(=O)NCCO)C(C)C
EtOHA-KK-HVS-u(Lin),EtOHA,KK,KK,HVS,HVS,u(Lin),KK|HVS|u(Lin),78.159,17.744,10321,334948,False,,CCCCC/C=C\C/C=C\CCCCCCCC(=O)NC(CO)C(=O)NC(C(=O)NC(Cc1c[nH]cn1)C(=O)NCCCCC(NC(=O)C(Cc1c[nH]cn1)NC(=O)C(NC(=O)C(CO)NC(=O)CCCCCCC/C=C\C/C=C\CCCCC)C(C)C)C(=O)NC(CCCCN)C(=O)NCCO)C(C)C
EtOHA-RSSK-HVS-u(Lin),EtOHA,RS2K,RSSK,HVS,HVS,u(Lin),RS2K|HVS|u(Lin),78.062,16.381,10518,334948,False,,CCCCC/C=C\C/C=C\CCCCCCCC(=O)NC(CO)C(=O)NC(C(=O)NC(Cc1c[nH]cn1)C(=O)NCCCCC(NC(=O)C(Cc1c[nH]cn1)NC(=O)C(NC(=O)C(CO)NC(=O)CCCCCCC/C=C\C/C=C\CCCCC)C(C)C)C(=O)NC(CO)C(=O)NC(CO)C(=O)NC(CCCNC(=N)N)C(=O)NCCO)C(C)C
EtOHA-RSK-HSV-s2(6/8),EtOHA,RSK,RSK,HVS,HSV,s2(6/8),RSK|HVS|s2(6/8),77.769,16.354,11066,334948,False,,CCCCCCCCC(CCCCCC)C(=O)NC(C(=O)NC(CO)C(=O)NC(Cc1c[nH]cn1)C(=O)NCCCCC(NC(=O)C(Cc1c[nH]cn1)NC(=O)C(CO)NC(=O)C(NC(=O)C(CCCCCC)CCCCCCCC)C(C)C)C(=O)NC(CO)C(=O)NC(CCCNC(=N)N)C(=O)NCCO)C(C)C
EtOHA-SSKK-HSV-u(Ole),EtOHA,KS2K,SSKK,HVS,HSV,u(Ole),KS2K|HVS|u(Ole),77.719,18.818,11172,334948,False,,CCCCCCCC/C=C\CCCCCCCC(=O)NC(C(=O)NC(CO)C(=O)NC(Cc1c[nH]cn1)C(=O)NCCCCC(NC(=O)C(Cc1c[nH]cn1)NC(=O)C(CO)NC(=O)C(NC(=O)CCCCCCC/C=C\CCCCCCCC)C(C)C)C(=O)NC(CCCCN)C(=O)NC(CO)C(=O)NC(CO)C(=O)NCCO)C(C)C
EtOHA-RSK-HCV-s2(6/8),EtOHA,RSK,RSK,HVC,HCV,s2(6/8),RSK|HVC|s2(6/8),77.224,24.845,12128,334948,False,,CCCCCCCCC(CCCCCC)C(=O)NC(C(=O)NC(CS)C(=O)NC(Cc1c[nH]cn1)C(=O)NCCCCC(NC(=O)C(Cc1c[nH]cn1)NC(=O)C(CS)NC(=O)C(NC(=O)C(CCCCCC)CCCCCCCC)C(C)C)C(=O)NC(CO)C(=O)NC(CCCNC(=N)N)C(=O)NCCO)C(C)C
EtOHA-RSK-SHV-s2(6/8),EtOHA,RSK,RSK,HVS,SHV,s2(6/8),RSK|HVS|s2(6/8),77.176,16.577,12222,334948,False,,CCCCCCCCC(CCCCCC)C(=O)NC(C(=O)NC(Cc1c[nH]cn1)C(=O)NC(CO)C(=O)NCCCCC(NC(=O)C(CO)NC(=O)C(Cc1c[nH]cn1)NC(=O)C(NC(=O)C(CCCCCC)CCCCCCCC)C(C)C)C(=O)NC(CO)C(=O)NC(CCCNC(=N)N)C(=O)NCCO)C(C)C
EtOHA-SSRK-SHV-s2(6/8),EtOHA,RS2K,SSRK,HVS,SHV,s2(6/8),RS2K|HVS|s2(6/8),76.772,15.779,13052,334948,False,,CCCCCCCCC(CCCCCC)C(=O)NC(C(=O)NC(Cc1c[nH]cn1)C(=O)NC(CO)C(=O)NCCCCC(NC(=O)C(CO)NC(=O)C(Cc1c[nH]cn1)NC(=O)C(NC(=O)C(CCCCCC)CCCCCCCC)C(C)C)C(=O)NC(CCCNC(=N)N)C(=O)NC(CO)C(=O)NC(CO)C(=O)NCCO)C(C)C
EtOHA-SRK-HVS-u(Ole),EtOHA,RSK,SRK,HVS,HVS,u(Ole),RSK|HVS|u(Ole),76.352,17.071,13946,334948,False,,CCCCCCCC/C=C\CCCCCCCC(=O)NC(CO)C(=O)NC(C(=O)NC(Cc1c[nH]cn1)C(=O)NCCCCC(NC(=O)C(Cc1c[nH]cn1)NC(=O)C(NC(=O)C(CO)NC(=O)CCCCCCC/C=C\CCCCCCCC)C(C)C)C(=O)NC(CCCNC(=N)N)C(=O)NC(CO)C(=O)NCCO)C(C)C
EtOHA-KSK-HSV-u(Lin),EtOHA,KSK,KSK,HVS,HSV,u(Lin),KSK|HVS|u(Lin),76.212,21.946,14256,334948,False,,CCCCC/C=C\C/C=C\CCCCCCCC(=O)NC(C(=O)NC(CO)C(=O)NC(Cc1c[nH]cn1)C(=O)NCCCCC(NC(=O)C(Cc1c[nH]cn1)NC(=O)C(CO)NC(=O)C(NC(=O)CCCCCCC/C=C\C/C=C\CCCCC)C(C)C)C(=O)NC(CO)C(=O)NC(CCCCN)C(=O)NCCO)C(C)C
EtOHA-KK-HSV-u(Ole),EtOHA,KK,KK,HVS,HSV,u(Ole),KK|HVS|u(Ole),76.201,15.84,14292,334948,False,,CCCCCCCC/C=C\CCCCCCCC(=O)NC(C(=O)NC(CO)C(=O)NC(Cc1c[nH]cn1)C(=O)NCCCCC(NC(=O)C(Cc1c[nH]cn1)NC(=O)C(CO)NC(=O)C(NC(=O)CCCCCCC/C=C\CCCCCCCC)C(C)C)C(=O)NC(CCCCN)C(=O)NCCO)C(C)C
EtOHA-SRSK-SHV-u(Ole),EtOHA,RS2K,SRSK,HVS,SHV,u(Ole),RS2K|HVS|u(Ole),75.982,15.932,14832,334948,False,,CCCCCCCC/C=C\CCCCCCCC(=O)NC(C(=O)NC(Cc1c[nH]cn1)C(=O)NC(CO)C(=O)NCCCCC(NC(=O)C(CO)NC(=O)C(Cc1c[nH]cn1)NC(=O)C(NC(=O)CCCCCCC/C=C\CCCCCCCC)C(C)C)C(=O)NC(CO)C(=O)NC(CCCNC(=N)N)C(=O)NC(CO)C(=O)NCCO)C(C)C
EtOHA-SRK-SHV-s2(6/8),EtOHA,RSK,SRK,HVS,SHV,s2(6/8),RSK|HVS|s2(6/8),75.934,15.072,14933,334948,False,,CCCCCCCCC(CCCCCC)C(=O)NC(C(=O)NC(Cc1c[nH]cn1)C(=O)NC(CO)C(=O)NCCCCC(NC(=O)C(CO)NC(=O)C(Cc1c[nH]cn1)NC(=O)C(NC(=O)C(CCCCCC)CCCCCCCC)C(C)C)C(=O)NC(CCCNC(=N)N)C(=O)NC(CO)C(=O)NCCO)C(C)C
EtOHA-RSSK-HVS-s2(6/8),EtOHA,RS2K,RSSK,HVS,HVS,s2(6/8),RS2K|HVS|s2(6/8),75.707,21.666,15479,334948,False,,CCCCCCCCC(CCCCCC)C(=O)NC(CO)C(=O)NC(C(=O)NC(Cc1c[nH]cn1)C(=O)NCCCCC(NC(=O)C(Cc1c[nH]cn1)NC(=O)C(NC(=O)C(CO)NC(=O)C(CCCCCC)CCCCCCCC)C(C)C)C(=O)NC(CO)C(=O)NC(CO)C(=O)NC(CCCNC(=N)N)C(=O)NCCO)C(C)C
EtOHA-RSSK-HVS-u(Ole),EtOHA,RS2K,RSSK,HVS,HVS,u(Ole),RS2K|HVS|u(Ole),75.625,18.963,15677,334948,False,,CCCCCCCC/C=C\CCCCCCCC(=O)NC(CO)C(=O)NC(C(=O)NC(Cc1c[nH]cn1)C(=O)NCCCCC(NC(=O)C(Cc1c[nH]cn1)NC(=O)C(NC(=O)C(CO)NC(=O)CCCCCCC/C=C\CCCCCCCC)C(C)C)C(=O)NC(CO)C(=O)NC(CO)C(=O)NC(CCCNC(=N)N)C(=O)NCCO)C(C)C
EtOHA-RSSK-SHV-s2(6/8),EtOHA,RS2K,RSSK,HVS,SHV,s2(6/8),RS2K|HVS|s2(6/8),75.501,19.794,15964,334948,False,,CCCCCCCCC(CCCCCC)C(=O)NC(C(=O)NC(Cc1c[nH]cn1)C(=O)NC(CO)C(=O)NCCCCC(NC(=O)C(CO)NC(=O)C(Cc1c[nH]cn1)NC(=O)C(NC(=O)C(CCCCCC)CCCCCCCC)C(C)C)C(=O)NC(CO)C(=O)NC(CO)C(=O)NC(CCCNC(=N)N)C(=O)NCCO)C(C)C
EtOHA-SRSK-SHV-s2(6/8),EtOHA,RS2K,SRSK,HVS,SHV,s2(6/8),RS2K|HVS|s2(6/8),75.372,17.779,16279,334948,False,,CCCCCCCCC(CCCCCC)C(=O)NC(C(=O)NC(Cc1c[nH]cn1)C(=O)NC(CO)C(=O)NCCCCC(NC(=O)C(CO)NC(=O)C(Cc1c[nH]cn1)NC(=O)C(NC(=O)C(CCCCCC)CCCCCCCC)C(C)C)C(=O)NC(CO)C(=O)NC(CCCNC(=N)N)C(=O)NC(CO)C(=O)NCCO)C(C)C
EtOHA-SKK-HSV-u(Lin),EtOHA,KSK,SKK,HVS,HSV,u(Lin),KSK|HVS|u(Lin),75.35,23.088,16338,334948,False,,CCCCC/C=C\C/C=C\CCCCCCCC(=O)NC(C(=O)NC(CO)C(=O)NC(Cc1c[nH]cn1)C(=O)NCCCCC(NC(=O)C(Cc1c[nH]cn1)NC(=O)C(CO)NC(=O)C(NC(=O)CCCCCCC/C=C\C/C=C\CCCCC)C(C)C)C(=O)NC(CCCCN)C(=O)NC(CO)C(=O)NCCO)C(C)C
EtOHA-SSRK-HCitV-u(Lin),EtOHA,RS2K,SSRK,HVCit,HCitV,u(Lin),RS2K|HVCit|u(Lin),75.081,26.504,17031,334948,False,,CCCCC/C=C\C/C=C\CCCCCCCC(=O)NC(C(=O)NC(CCCNC(N)=O)C(=O)NC(Cc1c[nH]cn1)C(=O)NCCCCC(NC(=O)C(Cc1c[nH]cn1)NC(=O)C(CCCNC(N)=O)NC(=O)C(NC(=O)CCCCCCC/C=C\C/C=C\CCCCC)C(C)C)C(=O)NC(CCCNC(=N)N)C(=O)NC(CO)C(=O)NC(CO)C(=O)NCCO)C(C)C
EtOHA-SRK-HCitV-u(Lin),EtOHA,RSK,SRK,HVCit,HCitV,u(Lin),RSK|HVCit|u(Lin),74.585,22.311,18319,334948,False,,CCCCC/C=C\C/C=C\CCCCCCCC(=O)NC(C(=O)NC(CCCNC(N)=O)C(=O)NC(Cc1c[nH]cn1)C(=O)NCCCCC(NC(=O)C(Cc1c[nH]cn1)NC(=O)C(CCCNC(N)=O)NC(=O)C(NC(=O)CCCCCCC/C=C\C/C=C\CCCCC)C(C)C)C(=O)NC(CCCNC(=N)N)C(=O)NC(CO)C(=O)NCCO)C(C)C
EtOHA-SSRK-HCitV-s2(6/8),EtOHA,RS2K,SSRK,HVCit,HCitV,s2(6/8),RS2K|HVCit|s2(6/8),74.375,21.194,18899,334948,False,,CCCCCCCCC(CCCCCC)C(=O)NC(C(=O)NC(CCCNC(N)=O)C(=O)NC(Cc1c[nH]cn1)C(=O)NCCCCC(NC(=O)C(Cc1c[nH]cn1)NC(=O)C(CCCNC(N)=O)NC(=O)C(NC(=O)C(CCCCCC)CCCCCCCC)C(C)C)C(=O)NC(CCCNC(=N)N)C(=O)NC(CO)C(=O)NC(CO)C(=O)NCCO)C(C)C
EtOHA-SRK-SHV-u(Ole),EtOHA,RSK,SRK,HVS,SHV,u(Ole),RSK|HVS|u(Ole),74.282,19.563,19171,334948,False,,CCCCCCCC/C=C\CCCCCCCC(=O)NC(C(=O)NC(Cc1c[nH]cn1)C(=O)NC(CO)C(=O)NCCCCC(NC(=O)C(CO)NC(=O)C(Cc1c[nH]cn1)NC(=O)C(NC(=O)CCCCCCC/C=C\CCCCCCCC)C(C)C)C(=O)NC(CCCNC(=N)N)C(=O)NC(CO)C(=O)NCCO)C(C)C
EtOHA-RSSK-HSV-s2(6/8),EtOHA,RS2K,RSSK,HVS,HSV,s2(6/8),RS2K|HVS|s2(6/8),74.212,21.53,19351,334948,False,,CCCCCCCCC(CCCCCC)C(=O)NC(C(=O)NC(CO)C(=O)NC(Cc1c[nH]cn1)C(=O)NCCCCC(NC(=O)C(Cc1c[nH]cn1)NC(=O)C(CO)NC(=O)C(NC(=O)C(CCCCCC)CCCCCCCC)C(C)C)C(=O)NC(CO)C(=O)NC(CO)C(=O)NC(CCCNC(=N)N)C(=O)NCCO)C(C)C
EtOHA-SRSK-HCitV-s2(6/8),EtOHA,RS2K,SRSK,HVCit,HCitV,s2(6/8),RS2K|HVCit|s2(6/8),74.069,24.607,19736,334948,False,,CCCCCCCCC(CCCCCC)C(=O)NC(C(=O)NC(CCCNC(N)=O)C(=O)NC(Cc1c[nH]cn1)C(=O)NCCCCC(NC(=O)C(Cc1c[nH]cn1)NC(=O)C(CCCNC(N)=O)NC(=O)C(NC(=O)C(CCCCCC)CCCCCCCC)C(C)C)C(=O)NC(CO)C(=O)NC(CCCNC(=N)N)C(=O)NC(CO)C(=O)NCCO)C(C)C
EtOHA-SRK-HSV-s2(6/8),EtOHA,RSK,SRK,HVS,HSV,s2(6/8),RSK|HVS|s2(6/8),73.684,20.419,20798,334948,False,,CCCCCCCCC(CCCCCC)C(=O)NC(C(=O)NC(CO)C(=O)NC(Cc1c[nH]cn1)C(=O)NCCCCC(NC(=O)C(Cc1c[nH]cn1)NC(=O)C(CO)NC(=O)C(NC(=O)C(CCCCCC)CCCCCCCC)C(C)C)C(=O)NC(CCCNC(=N)N)C(=O)NC(CO)C(=O)NCCO)C(C)C
EtOHA-RSSK-SHV-u(Lin),EtOHA,RS2K,RSSK,HVS,SHV,u(Lin),RS2K|HVS|u(Lin),73.671,17.383,20827,334948,False,,CCCCC/C=C\C/C=C\CCCCCCCC(=O)NC(C(=O)NC(Cc1c[nH]cn1)C(=O)NC(CO)C(=O)NCCCCC(NC(=O)C(CO)NC(=O)C(Cc1c[nH]cn1)NC(=O)C(NC(=O)CCCCCCC/C=C\C/C=C\CCCCC)C(C)C)C(=O)NC(CO)C(=O)NC(CO)C(=O)NC(CCCNC(=N)N)C(=O)NCCO)C(C)C
EtOHA-KSK-SHV-u(Lin),EtOHA,KSK,KSK,HVS,SHV,u(Lin),KSK|HVS|u(Lin),73.606,22.507,21045,334948,False,,CCCCC/C=C\C/C=C\CCCCCCCC(=O)NC(C(=O)NC(Cc1c[nH]cn1)C(=O)NC(CO)C(=O)NCCCCC(NC(=O)C(CO)NC(=O)C(Cc1c[nH]cn1)NC(=O)C(NC(=O)CCCCCCC/C=C\C/C=C\CCCCC)C(C)C)C(=O)NC(CO)C(=O)NC(CCCCN)C(=O)NCCO)C(C)C
EtOHA-SKK-HVS-u(Ole),EtOHA,KSK,SKK,HVS,HVS,u(Ole),KSK|HVS|u(Ole),73.151,15.84,22364,334948,False,,CCCCCCCC/C=C\CCCCCCCC(=O)NC(CO)C(=O)NC(C(=O)NC(Cc1c[nH]cn1)C(=O)NCCCCC(NC(=O)C(Cc1c[nH]cn1)NC(=O)C(NC(=O)C(CO)NC(=O)CCCCCCC/C=C\CCCCCCCC)C(C)C)C(=O)NC(CCCCN)C(=O)NC(CO)C(=O)NCCO)C(C)C
EtOHA-RK-SHV-s2(6/8),EtOHA,RK,RK,HVS,SHV,s2(6/8),RK|HVS|s2(6/8),72.977,17.242,22892,334948,False,,CCCCCCCCC(CCCCCC)C(=O)NC(C(=O)NC(Cc1c[nH]cn1)C(=O)NC(CO)C(=O)NCCCCC(NC(=O)C(CO)NC(=O)C(Cc1c[nH]cn1)NC(=O)C(NC(=O)C(CCCCCC)CCCCCCCC)C(C)C)C(=O)NC(CCCNC(=N)N)C(=O)NCCO)C(C)C
EtOHA-SSKK-SHV-u(Ole),EtOHA,KS2K,SSKK,HVS,SHV,u(Ole),KS2K|HVS|u(Ole),72.887,22.473,23166,334948,False,,CCCCCCCC/C=C\CCCCCCCC(=O)NC(C(=O)NC(Cc1c[nH]cn1)C(=O)NC(CO)C(=O)NCCCCC(NC(=O)C(CO)NC(=O)C(Cc1c[nH]cn1)NC(=O)C(NC(=O)CCCCCCC/C=C\CCCCCCCC)C(C)C)C(=O)NC(CCCCN)C(=O)NC(CO)C(=O)NC(CO)C(=O)NCCO)C(C)C
EtOHA-SKK-SHV-u(Lin),EtOHA,KSK,SKK,HVS,SHV,u(Lin),KSK|HVS|u(Lin),72.87,26.743,23206,334948,False,,CCCCC/C=C\C/C=C\CCCCCCCC(=O)NC(C(=O)NC(Cc1c[nH]cn1)C(=O)NC(CO)C(=O)NCCCCC(NC(=O)C(CO)NC(=O)C(Cc1c[nH]cn1)NC(=O)C(NC(=O)CCCCCCC/C=C\C/C=C\CCCCC)C(C)C)C(=O)NC(CCCCN)C(=O)NC(CO)C(=O)NCCO)C(C)C
EtOHA-SSKK-HVS-u(Ole),EtOHA,KS2K,SSKK,HVS,HVS,u(Ole),KS2K|HVS|u(Ole),72.856,20.136,23257,334948,False,,CCCCCCCC/C=C\CCCCCCCC(=O)NC(CO)C(=O)NC(C(=O)NC(Cc1c[nH]cn1)C(=O)NCCCCC(NC(=O)C(Cc1c[nH]cn1)NC(=O)C(NC(=O)C(CO)NC(=O)CCCCCCC/C=C\CCCCCCCC)C(C)C)C(=O)NC(CCCCN)C(=O)NC(CO)C(=O)NC(CO)C(=O)NCCO)C(C)C
EtOHA-SSRK-HVS-s2(6/8),EtOHA,RS2K,SSRK,HVS,HVS,s2(6/8),RS2K|HVS|s2(6/8),72.79,18.695,23456,334948,False,,CCCCCCCCC(CCCCCC)C(=O)NC(CO)C(=O)NC(C(=O)NC(Cc1c[nH]cn1)C(=O)NCCCCC(NC(=O)C(Cc1c[nH]cn1)NC(=O)C(NC(=O)C(CO)NC(=O)C(CCCCCC)CCCCCCCC)C(C)C)C(=O)NC(CCCNC(=N)N)C(=O)NC(CO)C(=O)NC(CO)C(=O)NCCO)C(C)C
EtOHA-KK-SHV-u(Ole),EtOHA,KK,KK,HVS,SHV,u(Ole),KK|HVS|u(Ole),72.627,23.12,23979,334948,False,,CCCCCCCC/C=C\CCCCCCCC(=O)NC(C(=O)NC(Cc1c[nH]cn1)C(=O)NC(CO)C(=O)NCCCCC(NC(=O)C(CO)NC(=O)C(Cc1c[nH]cn1)NC(=O)C(NC(=O)CCCCCCC/C=C\CCCCCCCC)C(C)C)C(=O)NC(CCCCN)C(=O)NCCO)C(C)C
EtOHA-RSK-HCitV-u(Ole),EtOHA,RSK,RSK,HVCit,HCitV,u(Ole),RSK|HVCit|u(Ole),72.144,22.758,25533,334948,False,,CCCCCCCC/C=C\CCCCCCCC(=O)NC(C(=O)NC(CCCNC(N)=O)C(=O)NC(Cc1c[nH]cn1)C(=O)NCCCCC(NC(=O)C(Cc1c[nH]cn1)NC(=O)C(CCCNC(N)=O)NC(=O)C(NC(=O)CCCCCCC/C=C\CCCCCCCC)C(C)C)C(=O)NC(CO)C(=O)NC(CCCNC(=N)N)C(=O)NCCO)C(C)C
EtOHA-SKSK-HSV-u(Ole),EtOHA,KS2K,SKSK,HVS,HSV,u(Ole),KS2K|HVS|u(Ole),72.034,21.901,25907,334948,False,,CCCCCCCC/C=C\CCCCCCCC(=O)NC(C(=O)NC(CO)C(=O)NC(Cc1c[nH]cn1)C(=O)NCCCCC(NC(=O)C(Cc1c[nH]cn1)NC(=O)C(CO)NC(=O)C(NC(=O)CCCCCCC/C=C\CCCCCCCC)C(C)C)C(=O)NC(CO)C(=O)NC(CCCCN)C(=O)NC(CO)C(=O)NCCO)C(C)C
EtOHA-SKK-SHV-u(Ole),EtOHA,KSK,SKK,HVS,SHV,u(Ole),KSK|HVS|u(Ole),71.965,14.515,26101,334948,False,,CCCCCCCC/C=C\CCCCCCCC(=O)NC(C(=O)NC(Cc1c[nH]cn1)C(=O)NC(CO)C(=O)NCCCCC(NC(=O)C(CO)NC(=O)C(Cc1c[nH]cn1)NC(=O)C(NC(=O)CCCCCCC/C=C\CCCCCCCC)C(C)C)C(=O)NC(CCCCN)C(=O)NC(CO)C(=O)NCCO)C(C)C
EtOHA-KSSK-HVS-u(Ole),EtOHA,KS2K,KSSK,HVS,HVS,u(Ole),KS2K|HVS|u(Ole),71.788,24.054,26697,334948,False,,CCCCCCCC/C=C\CCCCCCCC(=O)NC(CO)C(=O)NC(C(=O)NC(Cc1c[nH]cn1)C(=O)NCCCCC(NC(=O)C(Cc1c[nH]cn1)NC(=O)C(NC(=O)C(CO)NC(=O)CCCCCCC/C=C\CCCCCCCC)C(C)C)C(=O)NC(CO)C(=O)NC(CO)C(=O)NC(CCCCN)C(=O)NCCO)C(C)C
EtOHA-SKSK-SHV-u(Ole),EtOHA,KS2K,SKSK,HVS,SHV,u(Ole),KS2K|HVS|u(Ole),71.445,19.716,27895,334948,False,,CCCCCCCC/C=C\CCCCCCCC(=O)NC(C(=O)NC(Cc1c[nH]cn1)C(=O)NC(CO)C(=O)NCCCCC(NC(=O)C(CO)NC(=O)C(Cc1c[nH]cn1)NC(=O)C(NC(=O)CCCCCCC/C=C\CCCCCCCC)C(C)C)C(=O)NC(CO)C(=O)NC(CCCCN)C(=O)NC(CO)C(=O)NCCO)C(C)C
EtOHA-RSSK-HCitV-u(Lin),EtOHA,RS2K,RSSK,HVCit,HCitV,u(Lin),RS2K|HVCit|u(Lin),71.418,24.887,27998,334948,False,,CCCCC/C=C\C/C=C\CCCCCCCC(=O)NC(C(=O)NC(CCCNC(N)=O)C(=O)NC(Cc1c[nH]cn1)C(=O)NCCCCC(NC(=O)C(Cc1c[nH]cn1)NC(=O)C(CCCNC(N)=O)NC(=O)C(NC(=O)CCCCCCC/C=C\C/C=C\CCCCC)C(C)C)C(=O)NC(CO)C(=O)NC(CO)C(=O)NC(CCCNC(=N)N)C(=O)NCCO)C(C)C
EtOHA-RSSK-HCitV-s2(6/8),EtOHA,RS2K,RSSK,HVCit,HCitV,s2(6/8),RS2K|HVCit|s2(6/8),71.417,23.128,28000,334948,False,,CCCCCCCCC(CCCCCC)C(=O)NC(C(=O)NC(CCCNC(N)=O)C(=O)NC(Cc1c[nH]cn1)C(=O)NCCCCC(NC(=O)C(Cc1c[nH]cn1)NC(=O)C(CCCNC(N)=O)NC(=O)C(NC(=O)C(CCCCCC)CCCCCCCC)C(C)C)C(=O)NC(CO)C(=O)NC(CO)C(=O)NC(CCCNC(=N)N)C(=O)NCCO)C(C)C
EtOHA-RSK-HCitV-s2(6/8),EtOHA,RSK,RSK,HVCit,HCitV,s2(6/8),RSK|HVCit|s2(6/8),70.767,23.385,30292,334948,False,,CCCCCCCCC(CCCCCC)C(=O)NC(C(=O)NC(CCCNC(N)=O)C(=O)NC(Cc1c[nH]cn1)C(=O)NCCCCC(NC(=O)C(Cc1c[nH]cn1)NC(=O)C(CCCNC(N)=O)NC(=O)C(NC(=O)C(CCCCCC)CCCCCCCC)C(C)C)C(=O)NC(CO)C(=O)NC(CCCNC(=N)N)C(=O)NCCO)C(C)C
EtOHA-RK-HCitV-u(Ole),EtOHA,RK,RK,HVCit,HCitV,u(Ole),RK|HVCit|u(Ole),70.375,21.985,31723,334948,False,,CCCCCCCC/C=C\CCCCCCCC(=O)NC(C(=O)NC(CCCNC(N)=O)C(=O)NC(Cc1c[nH]cn1)C(=O)NCCCCC(NC(=O)C(Cc1c[nH]cn1)NC(=O)C(CCCNC(N)=O)NC(=O)C(NC(=O)CCCCCCC/C=C\CCCCCCCC)C(C)C)C(=O)NC(CCCNC(=N)N)C(=O)NCCO)C(C)C
EtOHA-KSSK-HSV-u(Ole),EtOHA,KS2K,KSSK,HVS,HSV,u(Ole),KS2K|HVS|u(Ole),70.017,25.319,33157,334948,False,,CCCCCCCC/C=C\CCCCCCCC(=O)NC(C(=O)NC(CO)C(=O)NC(Cc1c[nH]cn1)C(=O)NCCCCC(NC(=O)C(Cc1c[nH]cn1)NC(=O)C(CO)NC(=O)C(NC(=O)CCCCCCC/C=C\CCCCCCCC)C(C)C)C(=O)NC(CO)C(=O)NC(CO)C(=O)NC(CCCCN)C(=O)NCCO)C(C)C
EtOHA-SKK-HSV-u(Ole),EtOHA,KSK,SKK,HVS,HSV,u(Ole),KSK|HVS|u(Ole),69.91,13.865,33591,334948,False,,CCCCCCCC/C=C\CCCCCCCC(=O)NC(C(=O)NC(CO)C(=O)NC(Cc1c[nH]cn1)C(=O)NCCCCC(NC(=O)C(Cc1c[nH]cn1)NC(=O)C(CO)NC(=O)C(NC(=O)CCCCCCC/C=C\CCCCCCCC)C(C)C)C(=O)NC(CCCCN)C(=O)NC(CO)C(=O)NCCO)C(C)C
EtOHA-KSSK-SHV-u(Ole),EtOHA,KS2K,KSSK,HVS,SHV,u(Ole),KS2K|HVS|u(Ole),69.702,20.028,34429,334948,False,,CCCCCCCC/C=C\CCCCCCCC(=O)NC(C(=O)NC(Cc1c[nH]cn1)C(=O)NC(CO)C(=O)NCCCCC(NC(=O)C(CO)NC(=O)C(Cc1c[nH]cn1)NC(=O)C(NC(=O)CCCCCCC/C=C\CCCCCCCC)C(C)C)C(=O)NC(CO)C(=O)NC(CO)C(=O)NC(CCCCN)C(=O)NCCO)C(C)C
EtOHA-SKSK-HSV-u(Lin),EtOHA,KS2K,SKSK,HVS,HSV,u(Lin),KS2K|HVS|u(Lin),69.597,17.867,34841,334948,False,,CCCCC/C=C\C/C=C\CCCCCCCC(=O)NC(C(=O)NC(CO)C(=O)NC(Cc1c[nH]cn1)C(=O)NCCCCC(NC(=O)C(Cc1c[nH]cn1)NC(=O)C(CO)NC(=O)C(NC(=O)CCCCCCC/C=C\C/C=C\CCCCC)C(C)C)C(=O)NC(CO)C(=O)NC(CCCCN)C(=O)NC(CO)C(=O)NCCO)C(C)C
EtOHA-RSK-HCitV-u(Lin),EtOHA,RSK,RSK,HVCit,HCitV,u(Lin),RSK|HVCit|u(Lin),69.437,20.212,35481,334948,False,,CCCCC/C=C\C/C=C\CCCCCCCC(=O)NC(C(=O)NC(CCCNC(N)=O)C(=O)NC(Cc1c[nH]cn1)C(=O)NCCCCC(NC(=O)C(Cc1c[nH]cn1)NC(=O)C(CCCNC(N)=O)NC(=O)C(NC(=O)CCCCCCC/C=C\C/C=C\CCCCC)C(C)C)C(=O)NC(CO)C(=O)NC(CCCNC(=N)N)C(=O)NCCO)C(C)C
EtOHA-KSK-SHV-u(Ole),EtOHA,KSK,KSK,HVS,SHV,u(Ole),KSK|HVS|u(Ole),69.065,16.026,37094,334948,False,,CCCCCCCC/C=C\CCCCCCCC(=O)NC(C(=O)NC(Cc1c[nH]cn1)C(=O)NC(CO)C(=O)NCCCCC(NC(=O)C(CO)NC(=O)C(Cc1c[nH]cn1)NC(=O)C(NC(=O)CCCCCCC/C=C\CCCCCCCC)C(C)C)C(=O)NC(CO)C(=O)NC(CCCCN)C(=O)NCCO)C(C)C
EtOHA-SKSK-HVS-u(Ole),EtOHA,KS2K,SKSK,HVS,HVS,u(Ole),KS2K|HVS|u(Ole),69.019,21.03,37285,334948,False,,CCCCCCCC/C=C\CCCCCCCC(=O)NC(CO)C(=O)NC(C(=O)NC(Cc1c[nH]cn1)C(=O)NCCCCC(NC(=O)C(Cc1c[nH]cn1)NC(=O)C(NC(=O)C(CO)NC(=O)CCCCCCC/C=C\CCCCCCCC)C(C)C)C(=O)NC(CO)C(=O)NC(CCCCN)C(=O)NC(CO)C(=O)NCCO)C(C)C
EtOHA-KSK-HVS-u(Lin),EtOHA,KSK,KSK,HVS,HVS,u(Lin),KSK|HVS|u(Lin),68.88,27.229,37870,334948,False,,CCCCC/C=C\C/C=C\CCCCCCCC(=O)NC(CO)C(=O)NC(C(=O)NC(Cc1c[nH]cn1)C(=O)NCCCCC(NC(=O)C(Cc1c[nH]cn1)NC(=O)C(NC(=O)C(CO)NC(=O)CCCCCCC/C=C\C/C=C\CCCCC)C(C)C)C(=O)NC(CO)C(=O)NC(CCCCN)C(=O)NCCO)C(C)C
EtOHA-SKK-HVS-u(Lin),EtOHA,KSK,SKK,HVS,HVS,u(Lin),KSK|HVS|u(Lin),68.861,29.143,37949,334948,False,,CCCCC/C=C\C/C=C\CCCCCCCC(=O)NC(CO)C(=O)NC(C(=O)NC(Cc1c[nH]cn1)C(=O)NCCCCC(NC(=O)C(Cc1c[nH]cn1)NC(=O)C(NC(=O)C(CO)NC(=O)CCCCCCC/C=C\C/C=C\CCCCC)C(C)C)C(=O)NC(CCCCN)C(=O)NC(CO)C(=O)NCCO)C(C)C
EtOHA-KSSK-HSV-u(Lin),EtOHA,KS2K,KSSK,HVS,HSV,u(Lin),KS2K|HVS|u(Lin),68.841,16.243,38031,334948,False,,CCCCC/C=C\C/C=C\CCCCCCCC(=O)NC(C(=O)NC(CO)C(=O)NC(Cc1c[nH]cn1)C(=O)NCCCCC(NC(=O)C(Cc1c[nH]cn1)NC(=O)C(CO)NC(=O)C(NC(=O)CCCCCCC/C=C\C/C=C\CCCCC)C(C)C)C(=O)NC(CO)C(=O)NC(CO)C(=O)NC(CCCCN)C(=O)NCCO)C(C)C
EtOHA-SKSK-SHV-u(Lin),EtOHA,KS2K,SKSK,HVS,SHV,u(Lin),KS2K|HVS|u(Lin),68.647,20.15,38897,334948,False,,CCCCC/C=C\C/C=C\CCCCCCCC(=O)NC(C(=O)NC(Cc1c[nH]cn1)C(=O)NC(CO)C(=O)NCCCCC(NC(=O)C(CO)NC(=O)C(Cc1c[nH]cn1)NC(=O)C(NC(=O)CCCCCCC/C=C\C/C=C\CCCCC)C(C)C)C(=O)NC(CO)C(=O)NC(CCCCN)C(=O)NC(CO)C(=O)NCCO)C(C)C
EtOHA-SKSK-HVS-u(Lin),EtOHA,KS2K,SKSK,HVS,HVS,u(Lin),KS2K|HVS|u(Lin),68.555,15.867,39318,334948,False,,CCCCC/C=C\C/C=C\CCCCCCCC(=O)NC(CO)C(=O)NC(C(=O)NC(Cc1c[nH]cn1)C(=O)NCCCCC(NC(=O)C(Cc1c[nH]cn1)NC(=O)C(NC(=O)C(CO)NC(=O)CCCCCCC/C=C\C/C=C\CCCCC)C(C)C)C(=O)NC(CO)C(=O)NC(CCCCN)C(=O)NC(CO)C(=O)NCCO)C(C)C
EtOHA-SRSK-HCitV-u(Lin),EtOHA,RS2K,SRSK,HVCit,HCitV,u(Lin),RS2K|HVCit|u(Lin),68.5,23.578,39567,334948,False,,CCCCC/C=C\C/C=C\CCCCCCCC(=O)NC(C(=O)NC(CCCNC(N)=O)C(=O)NC(Cc1c[nH]cn1)C(=O)NCCCCC(NC(=O)C(Cc1c[nH]cn1)NC(=O)C(CCCNC(N)=O)NC(=O)C(NC(=O)CCCCCCC/C=C\C/C=C\CCCCC)C(C)C)C(=O)NC(CO)C(=O)NC(CCCNC(=N)N)C(=O)NC(CO)C(=O)NCCO)C(C)C
EtOHA-KSSK-HVS-u(Lin),EtOHA,KS2K,KSSK,HVS,HVS,u(Lin),KS2K|HVS|u(Lin),68.325,20.572,40426,334948,False,,CCCCC/C=C\C/C=C\CCCCCCCC(=O)NC(CO)C(=O)NC(C(=O)NC(Cc1c[nH]cn1)C(=O)NCCCCC(NC(=O)C(Cc1c[nH]cn1)NC(=O)C(NC(=O)C(CO)NC(=O)CCCCCCC/C=C\C/C=C\CCCCC)C(C)C)C(=O)NC(CO)C(=O)NC(CO)C(=O)NC(CCCCN)C(=O)NCCO)C(C)C
EtOHA-KSK-HCV-s2(6/8),EtOHA,KSK,KSK,HVC,HCV,s2(6/8),KSK|HVC|s2(6/8),68.133,17.212,41340,334948,False,,CCCCCCCCC(CCCCCC)C(=O)NC(C(=O)NC(CS)C(=O)NC(Cc1c[nH]cn1)C(=O)NCCCCC(NC(=O)C(Cc1c[nH]cn1)NC(=O)C(CS)NC(=O)C(NC(=O)C(CCCCCC)CCCCCCCC)C(C)C)C(=O)NC(CO)C(=O)NC(CCCCN)C(=O)NCCO)C(C)C
EtOHA-KSK-SSV-s2(6/8),EtOHA,KSK,KSK,SVS,SSV,s2(6/8),KSK|SVS|s2(6/8),68.12,31.12,41401,334948,False,,CCCCCCCCC(CCCCCC)C(=O)NC(C(=O)NC(CO)C(=O)NC(CO)C(=O)NCCCCC(NC(=O)C(CO)NC(=O)C(CO)NC(=O)C(NC(=O)C(CCCCCC)CCCCCCCC)C(C)C)C(=O)NC(CO)C(=O)NC(CCCCN)C(=O)NCCO)C(C)C
EtOHA-KK-HCV-u(Ole),EtOHA,KK,KK,HVC,HCV,u(Ole),KK|HVC|u(Ole),67.988,28.885,42028,334948,False,,CCCCCCCC/C=C\CCCCCCCC(=O)NC(C(=O)NC(CS)C(=O)NC(Cc1c[nH]cn1)C(=O)NCCCCC(NC(=O)C(Cc1c[nH]cn1)NC(=O)C(CS)NC(=O)C(NC(=O)CCCCCCC/C=C\CCCCCCCC)C(C)C)C(=O)NC(CCCCN)C(=O)NCCO)C(C)C
EtOHA-KSSK-HCV-u(Lin),EtOHA,KS2K,KSSK,HVC,HCV,u(Lin),KS2K|HVC|u(Lin),67.605,28.227,43880,334948,False,,CCCCC/C=C\C/C=C\CCCCCCCC(=O)NC(C(=O)NC(CS)C(=O)NC(Cc1c[nH]cn1)C(=O)NCCCCC(NC(=O)C(Cc1c[nH]cn1)NC(=O)C(CS)NC(=O)C(NC(=O)CCCCCCC/C=C\C/C=C\CCCCC)C(C)C)C(=O)NC(CO)C(=O)NC(CO)C(=O)NC(CCCCN)C(=O)NCCO)C(C)C
EtOHA-KK-HVS-u(Ole),EtOHA,KK,KK,HVS,HVS,u(Ole),KK|HVS|u(Ole),66.83,21.208,47748,334948,False,,CCCCCCCC/C=C\CCCCCCCC(=O)NC(CO)C(=O)NC(C(=O)NC(Cc1c[nH]cn1)C(=O)NCCCCC(NC(=O)C(Cc1c[nH]cn1)NC(=O)C(NC(=O)C(CO)NC(=O)CCCCCCC/C=C\CCCCCCCC)C(C)C)C(=O)NC(CCCCN)C(=O)NCCO)C(C)C
EtOHA-SKSK-HCitV-u(Lin),EtOHA,KS2K,SKSK,HVCit,HCitV,u(Lin),KS2K|HVCit|u(Lin),66.727,6.384,48273,334948,False,,CCCCC/C=C\C/C=C\CCCCCCCC(=O)NC(C(=O)NC(CCCNC(N)=O)C(=O)NC(Cc1c[nH]cn1)C(=O)NCCCCC(NC(=O)C(Cc1c[nH]cn1)NC(=O)C(CCCNC(N)=O)NC(=O)C(NC(=O)CCCCCCC/C=C\C/C=C\CCCCC)C(C)C)C(=O)NC(CO)C(=O)NC(CCCCN)C(=O)NC(CO)C(=O)NCCO)C(C)C
EtOHA-KK-HCitV-u(Lin),EtOHA,KK,KK,HVCit,HCitV,u(Lin),KK|HVCit|u(Lin),66.696,22.729,48426,334948,False,,CCCCC/C=C\C/C=C\CCCCCCCC(=O)NC(C(=O)NC(CCCNC(N)=O)C(=O)NC(Cc1c[nH]cn1)C(=O)NCCCCC(NC(=O)C(Cc1c[nH]cn1)NC(=O)C(CCCNC(N)=O)NC(=O)C(NC(=O)CCCCCCC/C=C\C/C=C\CCCCC)C(C)C)C(=O)NC(CCCCN)C(=O)NCCO)C(C)C
EtOHA-SSRK-HCitV-u(Ole),EtOHA,RS2K,SSRK,HVCit,HCitV,u(Ole),RS2K|HVCit|u(Ole),66.668,22.05,48559,334948,False,,CCCCCCCC/C=C\CCCCCCCC(=O)NC(C(=O)NC(CCCNC(N)=O)C(=O)NC(Cc1c[nH]cn1)C(=O)NCCCCC(NC(=O)C(Cc1c[nH]cn1)NC(=O)C(CCCNC(N)=O)NC(=O)C(NC(=O)CCCCCCC/C=C\CCCCCCCC)C(C)C)C(=O)NC(CCCNC(=N)N)C(=O)NC(CO)C(=O)NC(CO)C(=O)NCCO)C(C)C
EtOHA-SSKK-HSV-u(Lin),EtOHA,KS2K,SSKK,HVS,HSV,u(Lin),KS2K|HVS|u(Lin),66.448,17.093,49651,334948,False,,CCCCC/C=C\C/C=C\CCCCCCCC(=O)NC(C(=O)NC(CO)C(=O)NC(Cc1c[nH]cn1)C(=O)NCCCCC(NC(=O)C(Cc1c[nH]cn1)NC(=O)C(CO)NC(=O)C(NC(=O)CCCCCCC/C=C\C/C=C\CCCCC)C(C)C)C(=O)NC(CCCCN)C(=O)NC(CO)C(=O)NC(CO)C(=O)NCCO)C(C)C
EtOHA-SRSK-HCitV-u(Ole),EtOHA,RS2K,SRSK,HVCit,HCitV,u(Ole),RS2K|HVCit|u(Ole),66.28,24.542,50530,334948,False,,CCCCCCCC/C=C\CCCCCCCC(=O)NC(C(=O)NC(CCCNC(N)=O)C(=O)NC(Cc1c[nH]cn1)C(=O)NCCCCC(NC(=O)C(Cc1c[nH]cn1)NC(=O)C(CCCNC(N)=O)NC(=O)C(NC(=O)CCCCCCC/C=C\CCCCCCCC)C(C)C)C(=O)NC(CO)C(=O)NC(CCCNC(=N)N)C(=O)NC(CO)C(=O)NCCO)C(C)C
EtOHA-KSK-HVS-u(Ole),EtOHA,KSK,KSK,HVS,HVS,u(Ole),KSK|HVS|u(Ole),66.102,17.197,51498,334948,False,,CCCCCCCC/C=C\CCCCCCCC(=O)NC(CO)C(=O)NC(C(=O)NC(Cc1c[nH]cn1)C(=O)NCCCCC(NC(=O)C(Cc1c[nH]cn1)NC(=O)C(NC(=O)C(CO)NC(=O)CCCCCCC/C=C\CCCCCCCC)C(C)C)C(=O)NC(CO)C(=O)NC(CCCCN)C(=O)NCCO)C(C)C
EtOHA-KK-HCV-s2(6/8),EtOHA,KK,KK,HVC,HCV,s2(6/8),KK|HVC|s2(6/8),66.09,17.108,51564,334948,False,,CCCCCCCCC(CCCCCC)C(=O)NC(C(=O)NC(CS)C(=O)NC(Cc1c[nH]cn1)C(=O)NCCCCC(NC(=O)C(Cc1c[nH]cn1)NC(=O)C(CS)NC(=O)C(NC(=O)C(CCCCCC)CCCCCCCC)C(C)C)C(=O)NC(CCCCN)C(=O)NCCO)C(C)C
EtOHA-KSK-HSV-u(Ole),EtOHA,KSK,KSK,HVS,HSV,u(Ole),KSK|HVS|u(Ole),65.96,14.813,52254,334948,False,,CCCCCCCC/C=C\CCCCCCCC(=O)NC(C(=O)NC(CO)C(=O)NC(Cc1c[nH]cn1)C(=O)NCCCCC(NC(=O)C(Cc1c[nH]cn1)NC(=O)C(CO)NC(=O)C(NC(=O)CCCCCCC/C=C\CCCCCCCC)C(C)C)C(=O)NC(CO)C(=O)NC(CCCCN)C(=O)NCCO)C(C)C
EtOHA-RK-HCitV-s2(6/8),EtOHA,RK,RK,HVCit,HCitV,s2(6/8),RK|HVCit|s2(6/8),65.874,20.567,52763,334948,False,,CCCCCCCCC(CCCCCC)C(=O)NC(C(=O)NC(CCCNC(N)=O)C(=O)NC(Cc1c[nH]cn1)C(=O)NCCCCC(NC(=O)C(Cc1c[nH]cn1)NC(=O)C(CCCNC(N)=O)NC(=O)C(NC(=O)C(CCCCCC)CCCCCCCC)C(C)C)C(=O)NC(CCCNC(=N)N)C(=O)NCCO)C(C)C
EtOHA-KSSK-HCitV-u(Lin),EtOHA,KS2K,KSSK,HVCit,HCitV,u(Lin),KS2K|HVCit|u(Lin),65.758,4.892,53447,334948,False,,CCCCC/C=C\C/C=C\CCCCCCCC(=O)NC(C(=O)NC(CCCNC(N)=O)C(=O)NC(Cc1c[nH]cn1)C(=O)NCCCCC(NC(=O)C(Cc1c[nH]cn1)NC(=O)C(CCCNC(N)=O)NC(=O)C(NC(=O)CCCCCCC/C=C\C/C=C\CCCCC)C(C)C)C(=O)NC(CO)C(=O)NC(CO)C(=O)NC(CCCCN)C(=O)NCCO)C(C)C
EtOHA-SSKK-HCitV-u(Lin),EtOHA,KS2K,SSKK,HVCit,HCitV,u(Lin),KS2K|HVCit|u(Lin),65.689,8.126,53798,334948,False,,CCCCC/C=C\C/C=C\CCCCCCCC(=O)NC(C(=O)NC(CCCNC(N)=O)C(=O)NC(Cc1c[nH]cn1)C(=O)NCCCCC(NC(=O)C(Cc1c[nH]cn1)NC(=O)C(CCCNC(N)=O)NC(=O)C(NC(=O)CCCCCCC/C=C\C/C=C\CCCCC)C(C)C)C(=O)NC(CCCCN)C(=O)NC(CO)C(=O)NC(CO)C(=O)NCCO)C(C)C
EtOHA-KSSK-SHV-u(Lin),EtOHA,KS2K,KSSK,HVS,SHV,u(Lin),KS2K|HVS|u(Lin),65.43,23.097,55288,334948,False,,CCCCC/C=C\C/C=C\CCCCCCCC(=O)NC(C(=O)NC(Cc1c[nH]cn1)C(=O)NC(CO)C(=O)NCCCCC(NC(=O)C(CO)NC(=O)C(Cc1c[nH]cn1)NC(=O)C(NC(=O)CCCCCCC/C=C\C/C=C\CCCCC)C(C)C)C(=O)NC(CO)C(=O)NC(CO)C(=O)NC(CCCCN)C(=O)NCCO)C(C)C
EtOHA-KK-SSV-s2(6/8),EtOHA,KK,KK,SVS,SSV,s2(6/8),KK|SVS|s2(6/8),64.771,29.205,59166,334948,False,,CCCCCCCCC(CCCCCC)C(=O)NC(C(=O)NC(CO)C(=O)NC(CO)C(=O)NCCCCC(NC(=O)C(CO)NC(=O)C(CO)NC(=O)C(NC(=O)C(CCCCCC)CCCCCCCC)C(C)C)C(=O)NC(CCCCN)C(=O)NCCO)C(C)C
EtOHA-SKSK-SSV-s2(6/8),EtOHA,KS2K,SKSK,SVS,SSV,s2(6/8),KS2K|SVS|s2(6/8),64.522,34.374,60689,334948,False,,CCCCCCCCC(CCCCCC)C(=O)NC(C(=O)NC(CO)C(=O)NC(CO)C(=O)NCCCCC(NC(=O)C(CO)NC(=O)C(CO)NC(=O)C(NC(=O)C(CCCCCC)CCCCCCCC)C(C)C)C(=O)NC(CO)C(=O)NC(CCCCN)C(=O)NC(CO)C(=O)NCCO)C(C)C
EtOHA-SKK-SSV-s2(6/8),EtOHA,KSK,SKK,SVS,SSV,s2(6/8),KSK|SVS|s2(6/8),64.26,31.447,62291,334948,False,,CCCCCCCCC(CCCCCC)C(=O)NC(C(=O)NC(CO)C(=O)NC(CO)C(=O)NCCCCC(NC(=O)C(CO)NC(=O)C(CO)NC(=O)C(NC(=O)C(CCCCCC)CCCCCCCC)C(C)C)C(=O)NC(CCCCN)C(=O)NC(CO)C(=O)NCCO)C(C)C
EtOHA-SKSK-SVS-s2(6/8),EtOHA,KS2K,SKSK,SVS,SVS,s2(6/8),KS2K|SVS|s2(6/8),63.802,30.194,65213,334948,False,,CCCCCCCCC(CCCCCC)C(=O)NC(CO)C(=O)NC(C(=O)NC(CO)C(=O)NCCCCC(NC(=O)C(CO)NC(=O)C(NC(=O)C(CO)NC(=O)C(CCCCCC)CCCCCCCC)C(C)C)C(=O)NC(CO)C(=O)NC(CCCCN)C(=O)NC(CO)C(=O)NCCO)C(C)C
EtOHA-SRK-HCitV-u(Ole),EtOHA,RSK,SRK,HVCit,HCitV,u(Ole),RSK|HVCit|u(Ole),63.728,25.901,65686,334948,False,,CCCCCCCC/C=C\CCCCCCCC(=O)NC(C(=O)NC(CCCNC(N)=O)C(=O)NC(Cc1c[nH]cn1)C(=O)NCCCCC(NC(=O)C(Cc1c[nH]cn1)NC(=O)C(CCCNC(N)=O)NC(=O)C(NC(=O)CCCCCCC/C=C\CCCCCCCC)C(C)C)C(=O)NC(CCCNC(=N)N)C(=O)NC(CO)C(=O)NCCO)C(C)C
EtOHA-SSKK-SHV-u(Lin),EtOHA,KS2K,SSKK,HVS,SHV,u(Lin),KS2K|HVS|u(Lin),63.544,19.806,66890,334948,False,,CCCCC/C=C\C/C=C\CCCCCCCC(=O)NC(C(=O)NC(Cc1c[nH]cn1)C(=O)NC(CO)C(=O)NCCCCC(NC(=O)C(CO)NC(=O)C(Cc1c[nH]cn1)NC(=O)C(NC(=O)CCCCCCC/C=C\C/C=C\CCCCC)C(C)C)C(=O)NC(CCCCN)C(=O)NC(CO)C(=O)NC(CO)C(=O)NCCO)C(C)C
EtOHA-KSK-SVS-s2(6/8),EtOHA,KSK,KSK,SVS,SVS,s2(6/8),KSK|SVS|s2(6/8),63.52,30.137,67055,334948,False,,CCCCCCCCC(CCCCCC)C(=O)NC(CO)C(=O)NC(C(=O)NC(CO)C(=O)NCCCCC(NC(=O)C(CO)NC(=O)C(NC(=O)C(CO)NC(=O)C(CCCCCC)CCCCCCCC)C(C)C)C(=O)NC(CO)C(=O)NC(CCCCN)C(=O)NCCO)C(C)C
EtOHA-KSSK-HCV-s2(6/8),EtOHA,KS2K,KSSK,HVC,HCV,s2(6/8),KS2K|HVC|s2(6/8),63.318,24.408,68419,334948,False,,CCCCCCCCC(CCCCCC)C(=O)NC(C(=O)NC(CS)C(=O)NC(Cc1c[nH]cn1)C(=O)NCCCCC(NC(=O)C(Cc1c[nH]cn1)NC(=O)C(CS)NC(=O)C(NC(=O)C(CCCCCC)CCCCCCCC)C(C)C)C(=O)NC(CO)C(=O)NC(CO)C(=O)NC(CCCCN)C(=O)NCCO)C(C)C
EtOHA-SKK-SVS-s2(6/8),EtOHA,KSK,SKK,SVS,SVS,s2(6/8),KSK|SVS|s2(6/8),63.223,30.95,69050,334948,False,,CCCCCCCCC(CCCCCC)C(=O)NC(CO)C(=O)NC(C(=O)NC(CO)C(=O)NCCCCC(NC(=O)C(CO)NC(=O)C(NC(=O)C(CO)NC(=O)C(CCCCCC)CCCCCCCC)C(C)C)C(=O)NC(CCCCN)C(=O)NC(CO)C(=O)NCCO)C(C)C
EtOHA-SSKK-HVS-u(Lin),EtOHA,KS2K,SSKK,HVS,HVS,u(Lin),KS2K|HVS|u(Lin),63.042,13.617,70321,334948,False,,CCCCC/C=C\C/C=C\CCCCCCCC(=O)NC(CO)C(=O)NC(C(=O)NC(Cc1c[nH]cn1)C(=O)NCCCCC(NC(=O)C(Cc1c[nH]cn1)NC(=O)C(NC(=O)C(CO)NC(=O)CCCCCCC/C=C\C/C=C\CCCCC)C(C)C)C(=O)NC(CCCCN)C(=O)NC(CO)C(=O)NC(CO)C(=O)NCCO)C(C)C
EtOHA-RK-HCitV-u(Lin),EtOHA,RK,RK,HVCit,HCitV,u(Lin),RK|HVCit|u(Lin),62.729,13.846,72473,334948,False,,CCCCC/C=C\C/C=C\CCCCCCCC(=O)NC(C(=O)NC(CCCNC(N)=O)C(=O)NC(Cc1c[nH]cn1)C(=O)NCCCCC(NC(=O)C(Cc1c[nH]cn1)NC(=O)C(CCCNC(N)=O)NC(=O)C(NC(=O)CCCCCCC/C=C\C/C=C\CCCCC)C(C)C)C(=O)NC(CCCNC(=N)N)C(=O)NCCO)C(C)C
EtOHA-KK-SVS-s2(6/8),EtOHA,KK,KK,SVS,SVS,s2(6/8),KK|SVS|s2(6/8),62.52,27.473,73914,334948,False,,CCCCCCCCC(CCCCCC)C(=O)NC(CO)C(=O)NC(C(=O)NC(CO)C(=O)NCCCCC(NC(=O)C(CO)NC(=O)C(NC(=O)C(CO)NC(=O)C(CCCCCC)CCCCCCCC)C(C)C)C(=O)NC(CCCCN)C(=O)NCCO)C(C)C
EtOHA-KK-HSV-s2(6/8),EtOHA,KK,KK,HVS,HSV,s2(6/8),KK|HVS|s2(6/8),62.451,27.251,74404,334948,False,,CCCCCCCCC(CCCCCC)C(=O)NC(C(=O)NC(CO)C(=O)NC(Cc1c[nH]cn1)C(=O)NCCCCC(NC(=O)C(Cc1c[nH]cn1)NC(=O)C(CO)NC(=O)C(NC(=O)C(CCCCCC)CCCCCCCC)C(C)C)C(=O)NC(CCCCN)C(=O)NCCO)C(C)C
EtOHA-SRK-HCitV-s2(6/8),EtOHA,RSK,SRK,HVCit,HCitV,s2(6/8),RSK|HVCit|s2(6/8),61.926,24.539,78192,334948,False,,CCCCCCCCC(CCCCCC)C(=O)NC(C(=O)NC(CCCNC(N)=O)C(=O)NC(Cc1c[nH]cn1)C(=O)NCCCCC(NC(=O)C(Cc1c[nH]cn1)NC(=O)C(CCCNC(N)=O)NC(=O)C(NC(=O)C(CCCCCC)CCCCCCCC)C(C)C)C(=O)NC(CCCNC(=N)N)C(=O)NC(CO)C(=O)NCCO)C(C)C
EtOHA-KSSK-SVS-s2(6/8),EtOHA,KS2K,KSSK,SVS,SVS,s2(6/8),KS2K|SVS|s2(6/8),61.624,34.423,80399,334948,False,,CCCCCCCCC(CCCCCC)C(=O)NC(CO)C(=O)NC(C(=O)NC(CO)C(=O)NCCCCC(NC(=O)C(CO)NC(=O)C(NC(=O)C(CO)NC(=O)C(CCCCCC)CCCCCCCC)C(C)C)C(=O)NC(CO)C(=O)NC(CO)C(=O)NC(CCCCN)C(=O)NCCO)C(C)C
EtOHA-KSK-SCV-s2(6/8),EtOHA,KSK,KSK,SVC,SCV,s2(6/8),KSK|SVC|s2(6/8),61.2,34.522,83486,334948,False,,CCCCCCCCC(CCCCCC)C(=O)NC(C(=O)NC(CS)C(=O)NC(CO)C(=O)NCCCCC(NC(=O)C(CO)NC(=O)C(CS)NC(=O)C(NC(=O)C(CCCCCC)CCCCCCCC)C(C)C)C(=O)NC(CO)C(=O)NC(CCCCN)C(=O)NCCO)C(C)C
EtOHA-SSKK-SSV-s2(6/8),EtOHA,KS2K,SSKK,SVS,SSV,s2(6/8),KS2K|SVS|s2(6/8),61.095,32.334,84240,334948,False,,CCCCCCCCC(CCCCCC)C(=O)NC(C(=O)NC(CO)C(=O)NC(CO)C(=O)NCCCCC(NC(=O)C(CO)NC(=O)C(CO)NC(=O)C(NC(=O)C(CCCCCC)CCCCCCCC)C(C)C)C(=O)NC(CCCCN)C(=O)NC(CO)C(=O)NC(CO)C(=O)NCCO)C(C)C
EtOHA-SSKK-SVS-s2(6/8),EtOHA,KS2K,SSKK,SVS,SVS,s2(6/8),KS2K|SVS|s2(6/8),60.876,33.999,85934,334948,False,,CCCCCCCCC(CCCCCC)C(=O)NC(CO)C(=O)NC(C(=O)NC(CO)C(=O)NCCCCC(NC(=O)C(CO)NC(=O)C(NC(=O)C(CO)NC(=O)C(CCCCCC)CCCCCCCC)C(C)C)C(=O)NC(CCCCN)C(=O)NC(CO)C(=O)NC(CO)C(=O)NCCO)C(C)C
EtOHA-KSSK-HVS-s2(6/8),EtOHA,KS2K,KSSK,HVS,HVS,s2(6/8),KS2K|HVS|s2(6/8),60.824,21.0,86336,334948,False,,CCCCCCCCC(CCCCCC)C(=O)NC(CO)C(=O)NC(C(=O)NC(Cc1c[nH]cn1)C(=O)NCCCCC(NC(=O)C(Cc1c[nH]cn1)NC(=O)C(NC(=O)C(CO)NC(=O)C(CCCCCC)CCCCCCCC)C(C)C)C(=O)NC(CO)C(=O)NC(CO)C(=O)NC(CCCCN)C(=O)NCCO)C(C)C
EtOHA-RSK-SCV-s2(6/8),EtOHA,RSK,RSK,SVC,SCV,s2(6/8),RSK|SVC|s2(6/8),60.505,30.464,88770,334948,False,,CCCCCCCCC(CCCCCC)C(=O)NC(C(=O)NC(CS)C(=O)NC(CO)C(=O)NCCCCC(NC(=O)C(CO)NC(=O)C(CS)NC(=O)C(NC(=O)C(CCCCCC)CCCCCCCC)C(C)C)C(=O)NC(CO)C(=O)NC(CCCNC(=N)N)C(=O)NCCO)C(C)C
EtOHA-KSK-SHV-s2(6/8),EtOHA,KSK,KSK,HVS,SHV,s2(6/8),KSK|HVS|s2(6/8),60.45,24.053,89210,334948,False,,CCCCCCCCC(CCCCCC)C(=O)NC(C(=O)NC(Cc1c[nH]cn1)C(=O)NC(CO)C(=O)NCCCCC(NC(=O)C(CO)NC(=O)C(Cc1c[nH]cn1)NC(=O)C(NC(=O)C(CCCCCC)CCCCCCCC)C(C)C)C(=O)NC(CO)C(=O)NC(CCCCN)C(=O)NCCO)C(C)C
EtOHA-SKSK-HVS-s2(6/8),EtOHA,KS2K,SKSK,HVS,HVS,s2(6/8),KS2K|HVS|s2(6/8),60.203,19.364,91110,334948,False,,CCCCCCCCC(CCCCCC)C(=O)NC(CO)C(=O)NC(C(=O)NC(Cc1c[nH]cn1)C(=O)NCCCCC(NC(=O)C(Cc1c[nH]cn1)NC(=O)C(NC(=O)C(CO)NC(=O)C(CCCCCC)CCCCCCCC)C(C)C)C(=O)NC(CO)C(=O)NC(CCCCN)C(=O)NC(CO)C(=O)NCCO)C(C)C
EtOHA-KSSK-HCV-u(Ole),EtOHA,KS2K,KSSK,HVC,HCV,u(Ole),KS2K|HVC|u(Ole),59.947,34.301,93108,334948,False,,CCCCCCCC/C=C\CCCCCCCC(=O)NC(C(=O)NC(CS)C(=O)NC(Cc1c[nH]cn1)C(=O)NCCCCC(NC(=O)C(Cc1c[nH]cn1)NC(=O)C(CS)NC(=O)C(NC(=O)CCCCCCC/C=C\CCCCCCCC)C(C)C)C(=O)NC(CO)C(=O)NC(CO)C(=O)NC(CCCCN)C(=O)NCCO)C(C)C
EtOHA-KK-HCitV-s2(6/8),EtOHA,KK,KK,HVCit,HCitV,s2(6/8),KK|HVCit|s2(6/8),59.75,18.427,94625,334948,False,,CCCCCCCCC(CCCCCC)C(=O)NC(C(=O)NC(CCCNC(N)=O)C(=O)NC(Cc1c[nH]cn1)C(=O)NCCCCC(NC(=O)C(Cc1c[nH]cn1)NC(=O)C(CCCNC(N)=O)NC(=O)C(NC(=O)C(CCCCCC)CCCCCCCC)C(C)C)C(=O)NC(CCCCN)C(=O)NCCO)C(C)C
EtOHA-SKK-SHV-s2(6/8),EtOHA,KSK,SKK,HVS,SHV,s2(6/8),KSK|HVS|s2(6/8),59.556,24.313,96148,334948,False,,CCCCCCCCC(CCCCCC)C(=O)NC(C(=O)NC(Cc1c[nH]cn1)C(=O)NC(CO)C(=O)NCCCCC(NC(=O)C(CO)NC(=O)C(Cc1c[nH]cn1)NC(=O)C(NC(=O)C(CCCCCC)CCCCCCCC)C(C)C)C(=O)NC(CCCCN)C(=O)NC(CO)C(=O)NCCO)C(C)C
EtOHA-RSSK-SVS-s2(6/8),EtOHA,RS2K,RSSK,SVS,SVS,s2(6/8),RS2K|SVS|s2(6/8),58.646,17.236,103552,334948,False,,CCCCCCCCC(CCCCCC)C(=O)NC(CO)C(=O)NC(C(=O)NC(CO)C(=O)NCCCCC(NC(=O)C(CO)NC(=O)C(NC(=O)C(CO)NC(=O)C(CCCCCC)CCCCCCCC)C(C)C)C(=O)NC(CO)C(=O)NC(CO)C(=O)NC(CCCNC(=N)N)C(=O)NCCO)C(C)C
EtOHA-RSSK-SSV-s2(6/8),EtOHA,RS2K,RSSK,SVS,SSV,s2(6/8),RS2K|SVS|s2(6/8),58.629,17.278,103667,334948,False,,CCCCCCCCC(CCCCCC)C(=O)NC(C(=O)NC(CO)C(=O)NC(CO)C(=O)NCCCCC(NC(=O)C(CO)NC(=O)C(CO)NC(=O)C(NC(=O)C(CCCCCC)CCCCCCCC)C(C)C)C(=O)NC(CO)C(=O)NC(CO)C(=O)NC(CCCNC(=N)N)C(=O)NCCO)C(C)C
EtOHA-SKSK-HCitV-u(Ole),EtOHA,KS2K,SKSK,HVCit,HCitV,u(Ole),KS2K|HVCit|u(Ole),58.426,17.418,105344,334948,False,,CCCCCCCC/C=C\CCCCCCCC(=O)NC(C(=O)NC(CCCNC(N)=O)C(=O)NC(Cc1c[nH]cn1)C(=O)NCCCCC(NC(=O)C(Cc1c[nH]cn1)NC(=O)C(CCCNC(N)=O)NC(=O)C(NC(=O)CCCCCCC/C=C\CCCCCCCC)C(C)C)C(=O)NC(CO)C(=O)NC(CCCCN)C(=O)NC(CO)C(=O)NCCO)C(C)C
EtOHA-SKSK-SHV-s2(6/8),EtOHA,KS2K,SKSK,HVS,SHV,s2(6/8),KS2K|HVS|s2(6/8),58.331,19.855,106087,334948,False,,CCCCCCCCC(CCCCCC)C(=O)NC(C(=O)NC(Cc1c[nH]cn1)C(=O)NC(CO)C(=O)NCCCCC(NC(=O)C(CO)NC(=O)C(Cc1c[nH]cn1)NC(=O)C(NC(=O)C(CCCCCC)CCCCCCCC)C(C)C)C(=O)NC(CO)C(=O)NC(CCCCN)C(=O)NC(CO)C(=O)NCCO)C(C)C
EtOHA-KSK-HCitV-s2(6/8),EtOHA,KSK,KSK,HVCit,HCitV,s2(6/8),KSK|HVCit|s2(6/8),58.244,16.145,106823,334948,False,,CCCCCCCCC(CCCCCC)C(=O)NC(C(=O)NC(CCCNC(N)=O)C(=O)NC(Cc1c[nH]cn1)C(=O)NCCCCC(NC(=O)C(Cc1c[nH]cn1)NC(=O)C(CCCNC(N)=O)NC(=O)C(NC(=O)C(CCCCCC)CCCCCCCC)C(C)C)C(=O)NC(CO)C(=O)NC(CCCCN)C(=O)NCCO)C(C)C
EtOHA-RSSK-HCitV-u(Ole),EtOHA,RS2K,RSSK,HVCit,HCitV,u(Ole),RS2K|HVCit|u(Ole),58.144,29.514,107651,334948,False,,CCCCCCCC/C=C\CCCCCCCC(=O)NC(C(=O)NC(CCCNC(N)=O)C(=O)NC(Cc1c[nH]cn1)C(=O)NCCCCC(NC(=O)C(Cc1c[nH]cn1)NC(=O)C(CCCNC(N)=O)NC(=O)C(NC(=O)CCCCCCC/C=C\CCCCCCCC)C(C)C)C(=O)NC(CO)C(=O)NC(CO)C(=O)NC(CCCNC(=N)N)C(=O)NCCO)C(C)C
EtOHA-KSSK-SSV-s2(6/8),EtOHA,KS2K,KSSK,SVS,SSV,s2(6/8),KS2K|SVS|s2(6/8),57.962,33.286,109117,334948,False,,CCCCCCCCC(CCCCCC)C(=O)NC(C(=O)NC(CO)C(=O)NC(CO)C(=O)NCCCCC(NC(=O)C(CO)NC(=O)C(CO)NC(=O)C(NC(=O)C(CCCCCC)CCCCCCCC)C(C)C)C(=O)NC(CO)C(=O)NC(CO)C(=O)NC(CCCCN)C(=O)NCCO)C(C)C
EtOHA-KK-HVS-s2(6/8),EtOHA,KK,KK,HVS,HVS,s2(6/8),KK|HVS|s2(6/8),57.905,24.605,109595,334948,False,,CCCCCCCCC(CCCCCC)C(=O)NC(CO)C(=O)NC(C(=O)NC(Cc1c[nH]cn1)C(=O)NCCCCC(NC(=O)C(Cc1c[nH]cn1)NC(=O)C(NC(=O)C(CO)NC(=O)C(CCCCCC)CCCCCCCC)C(C)C)C(=O)NC(CCCCN)C(=O)NCCO)C(C)C
EtOHA-SSKK-HVS-s2(6/8),EtOHA,KS2K,SSKK,HVS,HVS,s2(6/8),KS2K|HVS|s2(6/8),57.727,18.815,111099,334948,False,,CCCCCCCCC(CCCCCC)C(=O)NC(CO)C(=O)NC(C(=O)NC(Cc1c[nH]cn1)C(=O)NCCCCC(NC(=O)C(Cc1c[nH]cn1)NC(=O)C(NC(=O)C(CO)NC(=O)C(CCCCCC)CCCCCCCC)C(C)C)C(=O)NC(CCCCN)C(=O)NC(CO)C(=O)NC(CO)C(=O)NCCO)C(C)C
EtOHA-RSK-SSV-s2(6/8),EtOHA,RSK,RSK,SVS,SSV,s2(6/8),RSK|SVS|s2(6/8),57.612,21.926,112086,334948,False,,CCCCCCCCC(CCCCCC)C(=O)NC(C(=O)NC(CO)C(=O)NC(CO)C(=O)NCCCCC(NC(=O)C(CO)NC(=O)C(CO)NC(=O)C(NC(=O)C(CCCCCC)CCCCCCCC)C(C)C)C(=O)NC(CO)C(=O)NC(CCCNC(=N)N)C(=O)NCCO)C(C)C
EtOHA-KSSK-SCV-s2(6/8),EtOHA,KS2K,KSSK,SVC,SCV,s2(6/8),KS2K|SVC|s2(6/8),57.37,37.786,114110,334948,False,,CCCCCCCCC(CCCCCC)C(=O)NC(C(=O)NC(CS)C(=O)NC(CO)C(=O)NCCCCC(NC(=O)C(CO)NC(=O)C(CS)NC(=O)C(NC(=O)C(CCCCCC)CCCCCCCC)C(C)C)C(=O)NC(CO)C(=O)NC(CO)C(=O)NC(CCCCN)C(=O)NCCO)C(C)C
EtOHA-SSRK-SSV-s2(6/8),EtOHA,RS2K,SSRK,SVS,SSV,s2(6/8),RS2K|SVS|s2(6/8),56.87,17.526,118371,334948,False,,CCCCCCCCC(CCCCCC)C(=O)NC(C(=O)NC(CO)C(=O)NC(CO)C(=O)NCCCCC(NC(=O)C(CO)NC(=O)C(CO)NC(=O)C(NC(=O)C(CCCCCC)CCCCCCCC)C(C)C)C(=O)NC(CCCNC(=N)N)C(=O)NC(CO)C(=O)NC(CO)C(=O)NCCO)C(C)C
EtOHA-SSRK-SVS-s2(6/8),EtOHA,RS2K,SSRK,SVS,SVS,s2(6/8),RS2K|SVS|s2(6/8),56.756,20.351,119343,334948,False,,CCCCCCCCC(CCCCCC)C(=O)NC(CO)C(=O)NC(C(=O)NC(CO)C(=O)NCCCCC(NC(=O)C(CO)NC(=O)C(NC(=O)C(CO)NC(=O)C(CCCCCC)CCCCCCCC)C(C)C)C(=O)NC(CCCNC(=N)N)C(=O)NC(CO)C(=O)NC(CO)C(=O)NCCO)C(C)C
EtOHA-RSSK-SCV-s2(6/8),EtOHA,RS2K,RSSK,SVC,SCV,s2(6/8),RS2K|SVC|s2(6/8),56.599,31.761,120760,334948,False,,CCCCCCCCC(CCCCCC)C(=O)NC(C(=O)NC(CS)C(=O)NC(CO)C(=O)NCCCCC(NC(=O)C(CO)NC(=O)C(CS)NC(=O)C(NC(=O)C(CCCCCC)CCCCCCCC)C(C)C)C(=O)NC(CO)C(=O)NC(CO)C(=O)NC(CCCNC(=N)N)C(=O)NCCO)C(C)C
EtOHA-SKK-HCitV-s2(6/8),EtOHA,KSK,SKK,HVCit,HCitV,s2(6/8),KSK|HVCit|s2(6/8),56.559,19.39,121080,334948,False,,CCCCCCCCC(CCCCCC)C(=O)NC(C(=O)NC(CCCNC(N)=O)C(=O)NC(Cc1c[nH]cn1)C(=O)NCCCCC(NC(=O)C(Cc1c[nH]cn1)NC(=O)C(CCCNC(N)=O)NC(=O)C(NC(=O)C(CCCCCC)CCCCCCCC)C(C)C)C(=O)NC(CCCCN)C(=O)NC(CO)C(=O)NCCO)C(C)C
EtOHA-SKK-HCitV-u(Lin),EtOHA,KSK,SKK,HVCit,HCitV,u(Lin),KSK|HVCit|u(Lin),56.386,21.304,122602,334948,False,,CCCCC/C=C\C/C=C\CCCCCCCC(=O)NC(C(=O)NC(CCCNC(N)=O)C(=O)NC(Cc1c[nH]cn1)C(=O)NCCCCC(NC(=O)C(Cc1c[nH]cn1)NC(=O)C(CCCNC(N)=O)NC(=O)C(NC(=O)CCCCCCC/C=C\C/C=C\CCCCC)C(C)C)C(=O)NC(CCCCN)C(=O)NC(CO)C(=O)NCCO)C(C)C
EtOHA-SRK-SSV-s2(6/8),EtOHA,RSK,SRK,SVS,SSV,s2(6/8),RSK|SVS|s2(6/8),56.186,15.01,124354,334948,False,,CCCCCCCCC(CCCCCC)C(=O)NC(C(=O)NC(CO)C(=O)NC(CO)C(=O)NCCCCC(NC(=O)C(CO)NC(=O)C(CO)NC(=O)C(NC(=O)C(CCCCCC)CCCCCCCC)C(C)C)C(=O)NC(CCCNC(=N)N)C(=O)NC(CO)C(=O)NCCO)C(C)C
EtOHA-SRSK-SVS-s2(6/8),EtOHA,RS2K,SRSK,SVS,SVS,s2(6/8),RS2K|SVS|s2(6/8),55.876,18.562,127026,334948,False,,CCCCCCCCC(CCCCCC)C(=O)NC(CO)C(=O)NC(C(=O)NC(CO)C(=O)NCCCCC(NC(=O)C(CO)NC(=O)C(NC(=O)C(CO)NC(=O)C(CCCCCC)CCCCCCCC)C(C)C)C(=O)NC(CO)C(=O)NC(CCCNC(=N)N)C(=O)NC(CO)C(=O)NCCO)C(C)C
EtOHA-KSK-HCitV-u(Lin),EtOHA,KSK,KSK,HVCit,HCitV,u(Lin),KSK|HVCit|u(Lin),55.53,24.493,130043,334948,False,,CCCCC/C=C\C/C=C\CCCCCCCC(=O)NC(C(=O)NC(CCCNC(N)=O)C(=O)NC(Cc1c[nH]cn1)C(=O)NCCCCC(NC(=O)C(Cc1c[nH]cn1)NC(=O)C(CCCNC(N)=O)NC(=O)C(NC(=O)CCCCCCC/C=C\C/C=C\CCCCC)C(C)C)C(=O)NC(CO)C(=O)NC(CCCCN)C(=O)NCCO)C(C)C
EtOHA-RK-SCV-s2(6/8),EtOHA,RK,RK,SVC,SCV,s2(6/8),RK|SVC|s2(6/8),55.192,32.258,132938,334948,False,,CCCCCCCCC(CCCCCC)C(=O)NC(C(=O)NC(CS)C(=O)NC(CO)C(=O)NCCCCC(NC(=O)C(CO)NC(=O)C(CS)NC(=O)C(NC(=O)C(CCCCCC)CCCCCCCC)C(C)C)C(=O)NC(CCCNC(=N)N)C(=O)NCCO)C(C)C
EtOHA-SRSK-SSV-s2(6/8),EtOHA,RS2K,SRSK,SVS,SSV,s2(6/8),RS2K|SVS|s2(6/8),54.71,21.004,137160,334948,False,,CCCCCCCCC(CCCCCC)C(=O)NC(C(=O)NC(CO)C(=O)NC(CO)C(=O)NCCCCC(NC(=O)C(CO)NC(=O)C(CO)NC(=O)C(NC(=O)C(CCCCCC)CCCCCCCC)C(C)C)C(=O)NC(CO)C(=O)NC(CCCNC(=N)N)C(=O)NC(CO)C(=O)NCCO)C(C)C
EtOHA-SSKK-HSV-s2(6/8),EtOHA,KS2K,SSKK,HVS,HSV,s2(6/8),KS2K|HVS|s2(6/8),54.522,22.08,138783,334948,False,,CCCCCCCCC(CCCCCC)C(=O)NC(C(=O)NC(CO)C(=O)NC(Cc1c[nH]cn1)C(=O)NCCCCC(NC(=O)C(Cc1c[nH]cn1)NC(=O)C(CO)NC(=O)C(NC(=O)C(CCCCCC)CCCCCCCC)C(C)C)C(=O)NC(CCCCN)C(=O)NC(CO)C(=O)NC(CO)C(=O)NCCO)C(C)C
EtOHA-RK-SSV-s2(6/8),EtOHA,RK,RK,SVS,SSV,s2(6/8),RK|SVS|s2(6/8),54.465,23.131,139264,334948,False,,CCCCCCCCC(CCCCCC)C(=O)NC(C(=O)NC(CO)C(=O)NC(CO)C(=O)NCCCCC(NC(=O)C(CO)NC(=O)C(CO)NC(=O)C(NC(=O)C(CCCCCC)CCCCCCCC)C(C)C)C(=O)NC(CCCNC(=N)N)C(=O)NCCO)C(C)C
EtOHA-KSK-HSV-s2(6/8),EtOHA,KSK,KSK,HVS,HSV,s2(6/8),KSK|HVS|s2(6/8),53.947,23.972,143707,334948,False,,CCCCCCCCC(CCCCCC)C(=O)NC(C(=O)NC(CO)C(=O)NC(Cc1c[nH]cn1)C(=O)NCCCCC(NC(=O)C(Cc1c[nH]cn1)NC(=O)C(CO)NC(=O)C(NC(=O)C(CCCCCC)CCCCCCCC)C(C)C)C(=O)NC(CO)C(=O)NC(CCCCN)C(=O)NCCO)C(C)C
EtOHA-SKSK-HSV-s2(6/8),EtOHA,KS2K,SKSK,HVS,HSV,s2(6/8),KS2K|HVS|s2(6/8),53.893,21.062,144192,334948,False,,CCCCCCCCC(CCCCCC)C(=O)NC(C(=O)NC(CO)C(=O)NC(Cc1c[nH]cn1)C(=O)NCCCCC(NC(=O)C(Cc1c[nH]cn1)NC(=O)C(CO)NC(=O)C(NC(=O)C(CCCCCC)CCCCCCCC)C(C)C)C(=O)NC(CO)C(=O)NC(CCCCN)C(=O)NC(CO)C(=O)NCCO)C(C)C
EtOHA-SKSK-HCitV-s2(6/8),EtOHA,KS2K,SKSK,HVCit,HCitV,s2(6/8),KS2K|HVCit|s2(6/8),53.713,12.745,145801,334948,False,,CCCCCCCCC(CCCCCC)C(=O)NC(C(=O)NC(CCCNC(N)=O)C(=O)NC(Cc1c[nH]cn1)C(=O)NCCCCC(NC(=O)C(Cc1c[nH]cn1)NC(=O)C(CCCNC(N)=O)NC(=O)C(NC(=O)C(CCCCCC)CCCCCCCC)C(C)C)C(=O)NC(CO)C(=O)NC(CCCCN)C(=O)NC(CO)C(=O)NCCO)C(C)C
EtOHA-RSSK-SCV-u(Lin),EtOHA,RS2K,RSSK,SVC,SCV,u(Lin),RS2K|SVC|u(Lin),53.564,27.954,147046,334948,False,,CCCCC/C=C\C/C=C\CCCCCCCC(=O)NC(C(=O)NC(CS)C(=O)NC(CO)C(=O)NCCCCC(NC(=O)C(CO)NC(=O)C(CS)NC(=O)C(NC(=O)CCCCCCC/C=C\C/C=C\CCCCC)C(C)C)C(=O)NC(CO)C(=O)NC(CO)C(=O)NC(CCCNC(=N)N)C(=O)NCCO)C(C)C
EtOHA-KSK-HVS-s2(6/8),EtOHA,KSK,KSK,HVS,HVS,s2(6/8),KSK|HVS|s2(6/8),53.226,24.648,150097,334948,False,,CCCCCCCCC(CCCCCC)C(=O)NC(CO)C(=O)NC(C(=O)NC(Cc1c[nH]cn1)C(=O)NCCCCC(NC(=O)C(Cc1c[nH]cn1)NC(=O)C(NC(=O)C(CO)NC(=O)C(CCCCCC)CCCCCCCC)C(C)C)C(=O)NC(CO)C(=O)NC(CCCCN)C(=O)NCCO)C(C)C
EtOHA-SKK-HVS-s2(6/8),EtOHA,KSK,SKK,HVS,HVS,s2(6/8),KSK|HVS|s2(6/8),52.885,26.927,153072,334948,False,,CCCCCCCCC(CCCCCC)C(=O)NC(CO)C(=O)NC(C(=O)NC(Cc1c[nH]cn1)C(=O)NCCCCC(NC(=O)C(Cc1c[nH]cn1)NC(=O)C(NC(=O)C(CO)NC(=O)C(CCCCCC)CCCCCCCC)C(C)C)C(=O)NC(CCCCN)C(=O)NC(CO)C(=O)NCCO)C(C)C
EtOHA-RK-SVS-s2(6/8),EtOHA,RK,RK,SVS,SVS,s2(6/8),RK|SVS|s2(6/8),52.771,25.245,154000,334948,False,,CCCCCCCCC(CCCCCC)C(=O)NC(CO)C(=O)NC(C(=O)NC(CO)C(=O)NCCCCC(NC(=O)C(CO)NC(=O)C(NC(=O)C(CO)NC(=O)C(CCCCCC)CCCCCCCC)C(C)C)C(=O)NC(CCCNC(=N)N)C(=O)NCCO)C(C)C
EtOHA-KK-SHV-s2(6/8),EtOHA,KK,KK,HVS,SHV,s2(6/8),KK|HVS|s2(6/8),52.711,26.072,154526,334948,False,,CCCCCCCCC(CCCCCC)C(=O)NC(C(=O)NC(Cc1c[nH]cn1)C(=O)NC(CO)C(=O)NCCCCC(NC(=O)C(CO)NC(=O)C(Cc1c[nH]cn1)NC(=O)C(NC(=O)C(CCCCCC)CCCCCCCC)C(C)C)C(=O)NC(CCCCN)C(=O)NCCO)C(C)C
EtOHA-KSSK-HSV-s2(6/8),EtOHA,KS2K,KSSK,HVS,HSV,s2(6/8),KS2K|HVS|s2(6/8),52.15,23.296,159412,334948,False,,CCCCCCCCC(CCCCCC)C(=O)NC(C(=O)NC(CO)C(=O)NC(Cc1c[nH]cn1)C(=O)NCCCCC(NC(=O)C(Cc1c[nH]cn1)NC(=O)C(CO)NC(=O)C(NC(=O)C(CCCCCC)CCCCCCCC)C(C)C)C(=O)NC(CO)C(=O)NC(CO)C(=O)NC(CCCCN)C(=O)NCCO)C(C)C
EtOHA-SKK-HSV-s2(6/8),EtOHA,KSK,SKK,HVS,HSV,s2(6/8),KSK|HVS|s2(6/8),52.091,24.262,159968,334948,False,,CCCCCCCCC(CCCCCC)C(=O)NC(C(=O)NC(CO)C(=O)NC(Cc1c[nH]cn1)C(=O)NCCCCC(NC(=O)C(Cc1c[nH]cn1)NC(=O)C(CO)NC(=O)C(NC(=O)C(CCCCCC)CCCCCCCC)C(C)C)C(=O)NC(CCCCN)C(=O)NC(CO)C(=O)NCCO)C(C)C
EtOHA-SKSK-SCitV-u(Ole),EtOHA,KS2K,SKSK,SVCit,SCitV,u(Ole),KS2K|SVCit|u(Ole),52.009,38.986,160680,334948,False,,CCCCCCCC/C=C\CCCCCCCC(=O)NC(C(=O)NC(CCCNC(N)=O)C(=O)NC(CO)C(=O)NCCCCC(NC(=O)C(CO)NC(=O)C(CCCNC(N)=O)NC(=O)C(NC(=O)CCCCCCC/C=C\CCCCCCCC)C(C)C)C(=O)NC(CO)C(=O)NC(CCCCN)C(=O)NC(CO)C(=O)NCCO)C(C)C
EtOHA-KSK-SCV-u(Lin),EtOHA,KSK,KSK,SVC,SCV,u(Lin),KSK|SVC|u(Lin),51.883,26.283,161751,334948,False,,CCCCC/C=C\C/C=C\CCCCCCCC(=O)NC(C(=O)NC(CS)C(=O)NC(CO)C(=O)NCCCCC(NC(=O)C(CO)NC(=O)C(CS)NC(=O)C(NC(=O)CCCCCCC/C=C\C/C=C\CCCCC)C(C)C)C(=O)NC(CO)C(=O)NC(CCCCN)C(=O)NCCO)C(C)C
EtOHA-KSK-HCV-u(Ole),EtOHA,KSK,KSK,HVC,HCV,u(Ole),KSK|HVC|u(Ole),51.828,34.328,162242,334948,False,,CCCCCCCC/C=C\CCCCCCCC(=O)NC(C(=O)NC(CS)C(=O)NC(Cc1c[nH]cn1)C(=O)NCCCCC(NC(=O)C(Cc1c[nH]cn1)NC(=O)C(CS)NC(=O)C(NC(=O)CCCCCCC/C=C\CCCCCCCC)C(C)C)C(=O)NC(CO)C(=O)NC(CCCCN)C(=O)NCCO)C(C)C
EtOHA-SSKK-HCitV-u(Ole),EtOHA,KS2K,SSKK,HVCit,HCitV,u(Ole),KS2K|HVCit|u(Ole),51.505,17.435,164971,334948,False,,CCCCCCCC/C=C\CCCCCCCC(=O)NC(C(=O)NC(CCCNC(N)=O)C(=O)NC(Cc1c[nH]cn1)C(=O)NCCCCC(NC(=O)C(Cc1c[nH]cn1)NC(=O)C(CCCNC(N)=O)NC(=O)C(NC(=O)CCCCCCC/C=C\CCCCCCCC)C(C)C)C(=O)NC(CCCCN)C(=O)NC(CO)C(=O)NC(CO)C(=O)NCCO)C(C)C
EtOHA-SSKK-SHV-s2(6/8),EtOHA,KS2K,SSKK,HVS,SHV,s2(6/8),KS2K|HVS|s2(6/8),51.41,22.077,165780,334948,False,,CCCCCCCCC(CCCCCC)C(=O)NC(C(=O)NC(Cc1c[nH]cn1)C(=O)NC(CO)C(=O)NCCCCC(NC(=O)C(CO)NC(=O)C(Cc1c[nH]cn1)NC(=O)C(NC(=O)C(CCCCCC)CCCCCCCC)C(C)C)C(=O)NC(CCCCN)C(=O)NC(CO)C(=O)NC(CO)C(=O)NCCO)C(C)C
EtOHA-KSSK-HCitV-s2(6/8),EtOHA,KS2K,KSSK,HVCit,HCitV,s2(6/8),KS2K|HVCit|s2(6/8),51.354,12.577,166256,334948,False,,CCCCCCCCC(CCCCCC)C(=O)NC(C(=O)NC(CCCNC(N)=O)C(=O)NC(Cc1c[nH]cn1)C(=O)NCCCCC(NC(=O)C(Cc1c[nH]cn1)NC(=O)C(CCCNC(N)=O)NC(=O)C(NC(=O)C(CCCCCC)CCCCCCCC)C(C)C)C(=O)NC(CO)C(=O)NC(CO)C(=O)NC(CCCCN)C(=O)NCCO)C(C)C
EtOHA-RK-SVS-u(Ole),EtOHA,RK,RK,SVS,SVS,u(Ole),RK|SVS|u(Ole),50.9,30.854,170206,334948,False,,CCCCCCCC/C=C\CCCCCCCC(=O)NC(CO)C(=O)NC(C(=O)NC(CO)C(=O)NCCCCC(NC(=O)C(CO)NC(=O)C(NC(=O)C(CO)NC(=O)CCCCCCC/C=C\CCCCCCCC)C(C)C)C(=O)NC(CCCNC(=N)N)C(=O)NCCO)C(C)C
EtOHA-KSSK-SCitV-u(Lin),EtOHA,KS2K,KSSK,SVCit,SCitV,u(Lin),KS2K|SVCit|u(Lin),50.72,35.337,171790,334948,False,,CCCCC/C=C\C/C=C\CCCCCCCC(=O)NC(C(=O)NC(CCCNC(N)=O)C(=O)NC(CO)C(=O)NCCCCC(NC(=O)C(CO)NC(=O)C(CCCNC(N)=O)NC(=O)C(NC(=O)CCCCCCC/C=C\C/C=C\CCCCC)C(C)C)C(=O)NC(CO)C(=O)NC(CO)C(=O)NC(CCCCN)C(=O)NCCO)C(C)C
EtOHA-SRK-SVS-s2(6/8),EtOHA,RSK,SRK,SVS,SVS,s2(6/8),RSK|SVS|s2(6/8),50.632,19.088,172587,334948,False,,CCCCCCCCC(CCCCCC)C(=O)NC(CO)C(=O)NC(C(=O)NC(CO)C(=O)NCCCCC(NC(=O)C(CO)NC(=O)C(NC(=O)C(CO)NC(=O)C(CCCCCC)CCCCCCCC)C(C)C)C(=O)NC(CCCNC(=N)N)C(=O)NC(CO)C(=O)NCCO)C(C)C
EtOHA-SSRK-SCitV-s2(6/8),EtOHA,RS2K,SSRK,SVCit,SCitV,s2(6/8),RS2K|SVCit|s2(6/8),50.615,33.649,172742,334948,False,,CCCCCCCCC(CCCCCC)C(=O)NC(C(=O)NC(CCCNC(N)=O)C(=O)NC(CO)C(=O)NCCCCC(NC(=O)C(CO)NC(=O)C(CCCNC(N)=O)NC(=O)C(NC(=O)C(CCCCCC)CCCCCCCC)C(C)C)C(=O)NC(CCCNC(=N)N)C(=O)NC(CO)C(=O)NC(CO)C(=O)NCCO)C(C)C
EtOHA-SRK-SSV-u(Ole),EtOHA,RSK,SRK,SVS,SSV,u(Ole),RSK|SVS|u(Ole),50.487,31.736,173834,334948,False,,CCCCCCCC/C=C\CCCCCCCC(=O)NC(C(=O)NC(CO)C(=O)NC(CO)C(=O)NCCCCC(NC(=O)C(CO)NC(=O)C(CO)NC(=O)C(NC(=O)CCCCCCC/C=C\CCCCCCCC)C(C)C)C(=O)NC(CCCNC(=N)N)C(=O)NC(CO)C(=O)NCCO)C(C)C
EtOHA-RK-SSV-u(Ole),EtOHA,RK,RK,SVS,SSV,u(Ole),RK|SVS|u(Ole),50.422,30.449,174394,334948,False,,CCCCCCCC/C=C\CCCCCCCC(=O)NC(C(=O)NC(CO)C(=O)NC(CO)C(=O)NCCCCC(NC(=O)C(CO)NC(=O)C(CO)NC(=O)C(NC(=O)CCCCCCC/C=C\CCCCCCCC)C(C)C)C(=O)NC(CCCNC(=N)N)C(=O)NCCO)C(C)C
EtOHA-KK-SCV-u(Lin),EtOHA,KK,KK,SVC,SCV,u(Lin),KK|SVC|u(Lin),50.197,31.791,176323,334948,False,,CCCCC/C=C\C/C=C\CCCCCCCC(=O)NC(C(=O)NC(CS)C(=O)NC(CO)C(=O)NCCCCC(NC(=O)C(CO)NC(=O)C(CS)NC(=O)C(NC(=O)CCCCCCC/C=C\C/C=C\CCCCC)C(C)C)C(=O)NC(CCCCN)C(=O)NCCO)C(C)C
EtOHA-SSKK-SCitV-u(Ole),EtOHA,KS2K,SSKK,SVCit,SCitV,u(Ole),KS2K|SVCit|u(Ole),50.176,38.596,176518,334948,False,,CCCCCCCC/C=C\CCCCCCCC(=O)NC(C(=O)NC(CCCNC(N)=O)C(=O)NC(CO)C(=O)NCCCCC(NC(=O)C(CO)NC(=O)C(CCCNC(N)=O)NC(=O)C(NC(=O)CCCCCCC/C=C\CCCCCCCC)C(C)C)C(=O)NC(CCCCN)C(=O)NC(CO)C(=O)NC(CO)C(=O)NCCO)C(C)C
EtOHA-SKSK-SCitV-s2(6/8),EtOHA,KS2K,SKSK,SVCit,SCitV,s2(6/8),KS2K|SVCit|s2(6/8),50.107,26.189,177114,334948,False,,CCCCCCCCC(CCCCCC)C(=O)NC(C(=O)NC(CCCNC(N)=O)C(=O)NC(CO)C(=O)NCCCCC(NC(=O)C(CO)NC(=O)C(CCCNC(N)=O)NC(=O)C(NC(=O)C(CCCCCC)CCCCCCCC)C(C)C)C(=O)NC(CO)C(=O)NC(CCCCN)C(=O)NC(CO)C(=O)NCCO)C(C)C
EtOHA-RSK-SSV-u(Ole),EtOHA,RSK,RSK,SVS,SSV,u(Ole),RSK|SVS|u(Ole),50.004,28.327,177970,334948,False,,CCCCCCCC/C=C\CCCCCCCC(=O)NC(C(=O)NC(CO)C(=O)NC(CO)C(=O)NCCCCC(NC(=O)C(CO)NC(=O)C(CO)NC(=O)C(NC(=O)CCCCCCC/C=C\CCCCCCCC)C(C)C)C(=O)NC(CO)C(=O)NC(CCCNC(=N)N)C(=O)NCCO)C(C)C
EtOHA-SSKK-HCitV-s2(6/8),EtOHA,KS2K,SSKK,HVCit,HCitV,s2(6/8),KS2K|HVCit|s2(6/8),49.854,17.602,179241,334948,False,,CCCCCCCCC(CCCCCC)C(=O)NC(C(=O)NC(CCCNC(N)=O)C(=O)NC(Cc1c[nH]cn1)C(=O)NCCCCC(NC(=O)C(Cc1c[nH]cn1)NC(=O)C(CCCNC(N)=O)NC(=O)C(NC(=O)C(CCCCCC)CCCCCCCC)C(C)C)C(=O)NC(CCCCN)C(=O)NC(CO)C(=O)NC(CO)C(=O)NCCO)C(C)C
EtOHA-KSSK-SHV-s2(6/8),EtOHA,KS2K,KSSK,HVS,SHV,s2(6/8),KS2K|HVS|s2(6/8),49.766,13.89,179986,334948,False,,CCCCCCCCC(CCCCCC)C(=O)NC(C(=O)NC(Cc1c[nH]cn1)C(=O)NC(CO)C(=O)NCCCCC(NC(=O)C(CO)NC(=O)C(Cc1c[nH]cn1)NC(=O)C(NC(=O)C(CCCCCC)CCCCCCCC)C(C)C)C(=O)NC(CO)C(=O)NC(CO)C(=O)NC(CCCCN)C(=O)NCCO)C(C)C
EtOHA-SSKK-SCitV-s2(6/8),EtOHA,KS2K,SSKK,SVCit,SCitV,s2(6/8),KS2K|SVCit|s2(6/8),49.332,26.471,183659,334948,False,,CCCCCCCCC(CCCCCC)C(=O)NC(C(=O)NC(CCCNC(N)=O)C(=O)NC(CO)C(=O)NCCCCC(NC(=O)C(CO)NC(=O)C(CCCNC(N)=O)NC(=O)C(NC(=O)C(CCCCCC)CCCCCCCC)C(C)C)C(=O)NC(CCCCN)C(=O)NC(CO)C(=O)NC(CO)C(=O)NCCO)C(C)C
EtOHA-KSSK-SCitV-s2(6/8),EtOHA,KS2K,KSSK,SVCit,SCitV,s2(6/8),KS2K|SVCit|s2(6/8),49.045,28.675,185983,334948,False,,CCCCCCCCC(CCCCCC)C(=O)NC(C(=O)NC(CCCNC(N)=O)C(=O)NC(CO)C(=O)NCCCCC(NC(=O)C(CO)NC(=O)C(CCCNC(N)=O)NC(=O)C(NC(=O)C(CCCCCC)CCCCCCCC)C(C)C)C(=O)NC(CO)C(=O)NC(CO)C(=O)NC(CCCCN)C(=O)NCCO)C(C)C
EtOHA-SKSK-SCitV-u(Lin),EtOHA,KS2K,SKSK,SVCit,SCitV,u(Lin),KS2K|SVCit|u(Lin),48.977,36.075,186583,334948,False,,CCCCC/C=C\C/C=C\CCCCCCCC(=O)NC(C(=O)NC(CCCNC(N)=O)C(=O)NC(CO)C(=O)NCCCCC(NC(=O)C(CO)NC(=O)C(CCCNC(N)=O)NC(=O)C(NC(=O)CCCCCCC/C=C\C/C=C\CCCCC)C(C)C)C(=O)NC(CO)C(=O)NC(CCCCN)C(=O)NC(CO)C(=O)NCCO)C(C)C
EtOHA-SRK-SVS-u(Ole),EtOHA,RSK,SRK,SVS,SVS,u(Ole),RSK|SVS|u(Ole),48.78,28.605,188193,334948,False,,CCCCCCCC/C=C\CCCCCCCC(=O)NC(CO)C(=O)NC(C(=O)NC(CO)C(=O)NCCCCC(NC(=O)C(CO)NC(=O)C(NC(=O)C(CO)NC(=O)CCCCCCC/C=C\CCCCCCCC)C(C)C)C(=O)NC(CCCNC(=N)N)C(=O)NC(CO)C(=O)NCCO)C(C)C
EtOHA-SSKK-SCitV-u(Lin),EtOHA,KS2K,SSKK,SVCit,SCitV,u(Lin),KS2K|SVCit|u(Lin),48.125,34.384,193505,334948,False,,CCCCC/C=C\C/C=C\CCCCCCCC(=O)NC(C(=O)NC(CCCNC(N)=O)C(=O)NC(CO)C(=O)NCCCCC(NC(=O)C(CO)NC(=O)C(CCCNC(N)=O)NC(=O)C(NC(=O)CCCCCCC/C=C\C/C=C\CCCCC)C(C)C)C(=O)NC(CCCCN)C(=O)NC(CO)C(=O)NC(CO)C(=O)NCCO)C(C)C
EtOHA-RSK-SVS-s2(6/8),EtOHA,RSK,RSK,SVS,SVS,s2(6/8),RSK|SVS|s2(6/8),48.125,12.289,193507,334948,False,,CCCCCCCCC(CCCCCC)C(=O)NC(CO)C(=O)NC(C(=O)NC(CO)C(=O)NCCCCC(NC(=O)C(CO)NC(=O)C(NC(=O)C(CO)NC(=O)C(CCCCCC)CCCCCCCC)C(C)C)C(=O)NC(CO)C(=O)NC(CCCNC(=N)N)C(=O)NCCO)C(C)C
EtOHA-KK-HCitV-u(Ole),EtOHA,KK,KK,HVCit,HCitV,u(Ole),KK|HVCit|u(Ole),47.665,32.556,197304,334948,False,,CCCCCCCC/C=C\CCCCCCCC(=O)NC(C(=O)NC(CCCNC(N)=O)C(=O)NC(Cc1c[nH]cn1)C(=O)NCCCCC(NC(=O)C(Cc1c[nH]cn1)NC(=O)C(CCCNC(N)=O)NC(=O)C(NC(=O)CCCCCCC/C=C\CCCCCCCC)C(C)C)C(=O)NC(CCCCN)C(=O)NCCO)C(C)C
EtOHA-SKK-HCitV-u(Ole),EtOHA,KSK,SKK,HVCit,HCitV,u(Ole),KSK|HVCit|u(Ole),47.188,18.8,201069,334948,False,,CCCCCCCC/C=C\CCCCCCCC(=O)NC(C(=O)NC(CCCNC(N)=O)C(=O)NC(Cc1c[nH]cn1)C(=O)NCCCCC(NC(=O)C(Cc1c[nH]cn1)NC(=O)C(CCCNC(N)=O)NC(=O)C(NC(=O)CCCCCCC/C=C\CCCCCCCC)C(C)C)C(=O)NC(CCCCN)C(=O)NC(CO)C(=O)NCCO)C(C)C
EtOHA-KSK-SCitV-u(Ole),EtOHA,KSK,KSK,SVCit,SCitV,u(Ole),KSK|SVCit|u(Ole),47.113,32.203,201670,334948,False,,CCCCCCCC/C=C\CCCCCCCC(=O)NC(C(=O)NC(CCCNC(N)=O)C(=O)NC(CO)C(=O)NCCCCC(NC(=O)C(CO)NC(=O)C(CCCNC(N)=O)NC(=O)C(NC(=O)CCCCCCC/C=C\CCCCCCCC)C(C)C)C(=O)NC(CO)C(=O)NC(CCCCN)C(=O)NCCO)C(C)C
EtOHA-RK-SCV-u(Ole),EtOHA,RK,RK,SVC,SCV,u(Ole),RK|SVC|u(Ole),46.789,31.626,204320,334948,False,,CCCCCCCC/C=C\CCCCCCCC(=O)NC(C(=O)NC(CS)C(=O)NC(CO)C(=O)NCCCCC(NC(=O)C(CO)NC(=O)C(CS)NC(=O)C(NC(=O)CCCCCCC/C=C\CCCCCCCC)C(C)C)C(=O)NC(CCCNC(=N)N)C(=O)NCCO)C(C)C
EtOHA-KSSK-SCitV-u(Ole),EtOHA,KS2K,KSSK,SVCit,SCitV,u(Ole),KS2K|SVCit|u(Ole),46.713,35.834,204917,334948,False,,CCCCCCCC/C=C\CCCCCCCC(=O)NC(C(=O)NC(CCCNC(N)=O)C(=O)NC(CO)C(=O)NCCCCC(NC(=O)C(CO)NC(=O)C(CCCNC(N)=O)NC(=O)C(NC(=O)CCCCCCC/C=C\CCCCCCCC)C(C)C)C(=O)NC(CO)C(=O)NC(CO)C(=O)NC(CCCCN)C(=O)NCCO)C(C)C
EtOHA-KSK-HCitV-u(Ole),EtOHA,KSK,KSK,HVCit,HCitV,u(Ole),KSK|HVCit|u(Ole),46.407,20.026,207317,334948,False,,CCCCCCCC/C=C\CCCCCCCC(=O)NC(C(=O)NC(CCCNC(N)=O)C(=O)NC(Cc1c[nH]cn1)C(=O)NCCCCC(NC(=O)C(Cc1c[nH]cn1)NC(=O)C(CCCNC(N)=O)NC(=O)C(NC(=O)CCCCCCC/C=C\CCCCCCCC)C(C)C)C(=O)NC(CO)C(=O)NC(CCCCN)C(=O)NCCO)C(C)C
EtOHA-KK-SSV-u(Lin),EtOHA,KK,KK,SVS,SSV,u(Lin),KK|SVS|u(Lin),46.182,23.035,209035,334948,False,,CCCCC/C=C\C/C=C\CCCCCCCC(=O)NC(C(=O)NC(CO)C(=O)NC(CO)C(=O)NCCCCC(NC(=O)C(CO)NC(=O)C(CO)NC(=O)C(NC(=O)CCCCCCC/C=C\C/C=C\CCCCC)C(C)C)C(=O)NC(CCCCN)C(=O)NCCO)C(C)C
EtOHA-SRSK-SCitV-s2(6/8),EtOHA,RS2K,SRSK,SVCit,SCitV,s2(6/8),RS2K|SVCit|s2(6/8),45.795,30.354,211960,334948,False,,CCCCCCCCC(CCCCCC)C(=O)NC(C(=O)NC(CCCNC(N)=O)C(=O)NC(CO)C(=O)NCCCCC(NC(=O)C(CO)NC(=O)C(CCCNC(N)=O)NC(=O)C(NC(=O)C(CCCCCC)CCCCCCCC)C(C)C)C(=O)NC(CO)C(=O)NC(CCCNC(=N)N)C(=O)NC(CO)C(=O)NCCO)C(C)C
EtOHA-SRK-SCitV-s2(6/8),EtOHA,RSK,SRK,SVCit,SCitV,s2(6/8),RSK|SVCit|s2(6/8),45.777,25.452,212091,334948,False,,CCCCCCCCC(CCCCCC)C(=O)NC(C(=O)NC(CCCNC(N)=O)C(=O)NC(CO)C(=O)NCCCCC(NC(=O)C(CO)NC(=O)C(CCCNC(N)=O)NC(=O)C(NC(=O)C(CCCCCC)CCCCCCCC)C(C)C)C(=O)NC(CCCNC(=N)N)C(=O)NC(CO)C(=O)NCCO)C(C)C
EtOHA-SSRK-SCitV-u(Lin),EtOHA,RS2K,SSRK,SVCit,SCitV,u(Lin),RS2K|SVCit|u(Lin),45.551,30.931,213840,334948,False,,CCCCC/C=C\C/C=C\CCCCCCCC(=O)NC(C(=O)NC(CCCNC(N)=O)C(=O)NC(CO)C(=O)NCCCCC(NC(=O)C(CO)NC(=O)C(CCCNC(N)=O)NC(=O)C(NC(=O)CCCCCCC/C=C\C/C=C\CCCCC)C(C)C)C(=O)NC(CCCNC(=N)N)C(=O)NC(CO)C(=O)NC(CO)C(=O)NCCO)C(C)C
EtOHA-RSK-SCV-u(Lin),EtOHA,RSK,RSK,SVC,SCV,u(Lin),RSK|SVC|u(Lin),45.374,29.282,215143,334948,False,,CCCCC/C=C\C/C=C\CCCCCCCC(=O)NC(C(=O)NC(CS)C(=O)NC(CO)C(=O)NCCCCC(NC(=O)C(CO)NC(=O)C(CS)NC(=O)C(NC(=O)CCCCCCC/C=C\C/C=C\CCCCC)C(C)C)C(=O)NC(CO)C(=O)NC(CCCNC(=N)N)C(=O)NCCO)C(C)C
EtOHA-SSRK-SSV-u(Lin),EtOHA,RS2K,SSRK,SVS,SSV,u(Lin),RS2K|SVS|u(Lin),44.881,23.998,218817,334948,False,,CCCCC/C=C\C/C=C\CCCCCCCC(=O)NC(C(=O)NC(CO)C(=O)NC(CO)C(=O)NCCCCC(NC(=O)C(CO)NC(=O)C(CO)NC(=O)C(NC(=O)CCCCCCC/C=C\C/C=C\CCCCC)C(C)C)C(=O)NC(CCCNC(=N)N)C(=O)NC(CO)C(=O)NC(CO)C(=O)NCCO)C(C)C
EtOHA-KSSK-SCV-u(Lin),EtOHA,KS2K,KSSK,SVC,SCV,u(Lin),KS2K|SVC|u(Lin),44.505,22.013,221572,334948,False,,CCCCC/C=C\C/C=C\CCCCCCCC(=O)NC(C(=O)NC(CS)C(=O)NC(CO)C(=O)NCCCCC(NC(=O)C(CO)NC(=O)C(CS)NC(=O)C(NC(=O)CCCCCCC/C=C\C/C=C\CCCCC)C(C)C)C(=O)NC(CO)C(=O)NC(CO)C(=O)NC(CCCCN)C(=O)NCCO)C(C)C
EtOHA-KK-SCV-s2(6/8),EtOHA,KK,KK,SVC,SCV,s2(6/8),KK|SVC|s2(6/8),44.245,32.605,223463,334948,False,,CCCCCCCCC(CCCCCC)C(=O)NC(C(=O)NC(CS)C(=O)NC(CO)C(=O)NCCCCC(NC(=O)C(CO)NC(=O)C(CS)NC(=O)C(NC(=O)C(CCCCCC)CCCCCCCC)C(C)C)C(=O)NC(CCCCN)C(=O)NCCO)C(C)C
EtOHA-SKK-SCitV-u(Ole),EtOHA,KSK,SKK,SVCit,SCitV,u(Ole),KSK|SVCit|u(Ole),44.073,36.48,224737,334948,False,,CCCCCCCC/C=C\CCCCCCCC(=O)NC(C(=O)NC(CCCNC(N)=O)C(=O)NC(CO)C(=O)NCCCCC(NC(=O)C(CO)NC(=O)C(CCCNC(N)=O)NC(=O)C(NC(=O)CCCCCCC/C=C\CCCCCCCC)C(C)C)C(=O)NC(CCCCN)C(=O)NC(CO)C(=O)NCCO)C(C)C
EtOHA-RSSK-SCitV-u(Lin),EtOHA,RS2K,RSSK,SVCit,SCitV,u(Lin),RS2K|SVCit|u(Lin),43.983,33.307,225430,334948,False,,CCCCC/C=C\C/C=C\CCCCCCCC(=O)NC(C(=O)NC(CCCNC(N)=O)C(=O)NC(CO)C(=O)NCCCCC(NC(=O)C(CO)NC(=O)C(CCCNC(N)=O)NC(=O)C(NC(=O)CCCCCCC/C=C\C/C=C\CCCCC)C(C)C)C(=O)NC(CO)C(=O)NC(CO)C(=O)NC(CCCNC(=N)N)C(=O)NCCO)C(C)C
EtOHA-SRSK-SCitV-u(Lin),EtOHA,RS2K,SRSK,SVCit,SCitV,u(Lin),RS2K|SVCit|u(Lin),43.83,31.397,226507,334948,False,,CCCCC/C=C\C/C=C\CCCCCCCC(=O)NC(C(=O)NC(CCCNC(N)=O)C(=O)NC(CO)C(=O)NCCCCC(NC(=O)C(CO)NC(=O)C(CCCNC(N)=O)NC(=O)C(NC(=O)CCCCCCC/C=C\C/C=C\CCCCC)C(C)C)C(=O)NC(CO)C(=O)NC(CCCNC(=N)N)C(=O)NC(CO)C(=O)NCCO)C(C)C
EtOHA-KK-SCV-u(Ole),EtOHA,KK,KK,SVC,SCV,u(Ole),KK|SVC|u(Ole),43.708,25.638,227424,334948,False,,CCCCCCCC/C=C\CCCCCCCC(=O)NC(C(=O)NC(CS)C(=O)NC(CO)C(=O)NCCCCC(NC(=O)C(CO)NC(=O)C(CS)NC(=O)C(NC(=O)CCCCCCC/C=C\CCCCCCCC)C(C)C)C(=O)NC(CCCCN)C(=O)NCCO)C(C)C
EtOHA-RK-SCitV-s2(6/8),EtOHA,RK,RK,SVCit,SCitV,s2(6/8),RK|SVCit|s2(6/8),43.292,26.434,230303,334948,False,,CCCCCCCCC(CCCCCC)C(=O)NC(C(=O)NC(CCCNC(N)=O)C(=O)NC(CO)C(=O)NCCCCC(NC(=O)C(CO)NC(=O)C(CCCNC(N)=O)NC(=O)C(NC(=O)C(CCCCCC)CCCCCCCC)C(C)C)C(=O)NC(CCCNC(=N)N)C(=O)NCCO)C(C)C
EtOHA-RSK-SCitV-s2(6/8),EtOHA,RSK,RSK,SVCit,SCitV,s2(6/8),RSK|SVCit|s2(6/8),42.371,24.079,236423,334948,False,,CCCCCCCCC(CCCCCC)C(=O)NC(C(=O)NC(CCCNC(N)=O)C(=O)NC(CO)C(=O)NCCCCC(NC(=O)C(CO)NC(=O)C(CCCNC(N)=O)NC(=O)C(NC(=O)C(CCCCCC)CCCCCCCC)C(C)C)C(=O)NC(CO)C(=O)NC(CCCNC(=N)N)C(=O)NCCO)C(C)C
EtOHA-RSSK-SCitV-s2(6/8),EtOHA,RS2K,RSSK,SVCit,SCitV,s2(6/8),RS2K|SVCit|s2(6/8),42.318,28.621,236774,334948,False,,CCCCCCCCC(CCCCCC)C(=O)NC(C(=O)NC(CCCNC(N)=O)C(=O)NC(CO)C(=O)NCCCCC(NC(=O)C(CO)NC(=O)C(CCCNC(N)=O)NC(=O)C(NC(=O)C(CCCCCC)CCCCCCCC)C(C)C)C(=O)NC(CO)C(=O)NC(CO)C(=O)NC(CCCNC(=N)N)C(=O)NCCO)C(C)C
EtOHA-KSK-SSV-u(Ole),EtOHA,KSK,KSK,SVS,SSV,u(Ole),KSK|SVS|u(Ole),42.157,20.787,237873,334948,False,,CCCCCCCC/C=C\CCCCCCCC(=O)NC(C(=O)NC(CO)C(=O)NC(CO)C(=O)NCCCCC(NC(=O)C(CO)NC(=O)C(CO)NC(=O)C(NC(=O)CCCCCCC/C=C\CCCCCCCC)C(C)C)C(=O)NC(CO)C(=O)NC(CCCCN)C(=O)NCCO)C(C)C
EtOHA-SRSK-SSV-u(Lin),EtOHA,RS2K,SRSK,SVS,SSV,u(Lin),RS2K|SVS|u(Lin),41.995,20.081,238928,334948,False,,CCCCC/C=C\C/C=C\CCCCCCCC(=O)NC(C(=O)NC(CO)C(=O)NC(CO)C(=O)NCCCCC(NC(=O)C(CO)NC(=O)C(CO)NC(=O)C(NC(=O)CCCCCCC/C=C\C/C=C\CCCCC)C(C)C)C(=O)NC(CO)C(=O)NC(CCCNC(=N)N)C(=O)NC(CO)C(=O)NCCO)C(C)C
EtOHA-KK-SVS-u(Ole),EtOHA,KK,KK,SVS,SVS,u(Ole),KK|SVS|u(Ole),41.905,25.054,239532,334948,False,,CCCCCCCC/C=C\CCCCCCCC(=O)NC(CO)C(=O)NC(C(=O)NC(CO)C(=O)NCCCCC(NC(=O)C(CO)NC(=O)C(NC(=O)C(CO)NC(=O)CCCCCCC/C=C\CCCCCCCC)C(C)C)C(=O)NC(CCCCN)C(=O)NCCO)C(C)C
EtOHA-RSSK-SVS-u(Lin),EtOHA,RS2K,RSSK,SVS,SVS,u(Lin),RS2K|SVS|u(Lin),41.771,25.029,240410,334948,False,,CCCCC/C=C\C/C=C\CCCCCCCC(=O)NC(CO)C(=O)NC(C(=O)NC(CO)C(=O)NCCCCC(NC(=O)C(CO)NC(=O)C(NC(=O)C(CO)NC(=O)CCCCCCC/C=C\C/C=C\CCCCC)C(C)C)C(=O)NC(CO)C(=O)NC(CO)C(=O)NC(CCCNC(=N)N)C(=O)NCCO)C(C)C
EtOHA-KSK-SVS-u(Ole),EtOHA,KSK,KSK,SVS,SVS,u(Ole),KSK|SVS|u(Ole),41.39,21.325,242883,334948,False,,CCCCCCCC/C=C\CCCCCCCC(=O)NC(CO)C(=O)NC(C(=O)NC(CO)C(=O)NCCCCC(NC(=O)C(CO)NC(=O)C(NC(=O)C(CO)NC(=O)CCCCCCC/C=C\CCCCCCCC)C(C)C)C(=O)NC(CO)C(=O)NC(CCCCN)C(=O)NCCO)C(C)C
EtOHA-RSSK-SSV-u(Lin),EtOHA,RS2K,RSSK,SVS,SSV,u(Lin),RS2K|SVS|u(Lin),41.357,23.577,243081,334948,False,,CCCCC/C=C\C/C=C\CCCCCCCC(=O)NC(C(=O)NC(CO)C(=O)NC(CO)C(=O)NCCCCC(NC(=O)C(CO)NC(=O)C(CO)NC(=O)C(NC(=O)CCCCCCC/C=C\C/C=C\CCCCC)C(C)C)C(=O)NC(CO)C(=O)NC(CO)C(=O)NC(CCCNC(=N)N)C(=O)NCCO)C(C)C
EtOHA-KK-SSV-u(Ole),EtOHA,KK,KK,SVS,SSV,u(Ole),KK|SVS|u(Ole),41.094,25.806,244827,334948,False,,CCCCCCCC/C=C\CCCCCCCC(=O)NC(C(=O)NC(CO)C(=O)NC(CO)C(=O)NCCCCC(NC(=O)C(CO)NC(=O)C(CO)NC(=O)C(NC(=O)CCCCCCC/C=C\CCCCCCCC)C(C)C)C(=O)NC(CCCCN)C(=O)NCCO)C(C)C
EtOHA-SRSK-SCitV-u(Ole),EtOHA,RS2K,SRSK,SVCit,SCitV,u(Ole),RS2K|SVCit|u(Ole),41.055,28.073,245060,334948,False,,CCCCCCCC/C=C\CCCCCCCC(=O)NC(C(=O)NC(CCCNC(N)=O)C(=O)NC(CO)C(=O)NCCCCC(NC(=O)C(CO)NC(=O)C(CCCNC(N)=O)NC(=O)C(NC(=O)CCCCCCC/C=C\CCCCCCCC)C(C)C)C(=O)NC(CO)C(=O)NC(CCCNC(=N)N)C(=O)NC(CO)C(=O)NCCO)C(C)C
EtOHA-KK-SVS-u(Lin),EtOHA,KK,KK,SVS,SVS,u(Lin),KK|SVS|u(Lin),40.624,24.177,247782,334948,False,,CCCCC/C=C\C/C=C\CCCCCCCC(=O)NC(CO)C(=O)NC(C(=O)NC(CO)C(=O)NCCCCC(NC(=O)C(CO)NC(=O)C(NC(=O)C(CO)NC(=O)CCCCCCC/C=C\C/C=C\CCCCC)C(C)C)C(=O)NC(CCCCN)C(=O)NCCO)C(C)C
EtOHA-SKK-SCitV-s2(6/8),EtOHA,KSK,SKK,SVCit,SCitV,s2(6/8),KSK|SVCit|s2(6/8),40.437,19.17,248903,334948,False,,CCCCCCCCC(CCCCCC)C(=O)NC(C(=O)NC(CCCNC(N)=O)C(=O)NC(CO)C(=O)NCCCCC(NC(=O)C(CO)NC(=O)C(CCCNC(N)=O)NC(=O)C(NC(=O)C(CCCCCC)CCCCCCCC)C(C)C)C(=O)NC(CCCCN)C(=O)NC(CO)C(=O)NCCO)C(C)C
EtOHA-KSSK-HCitV-u(Ole),EtOHA,KS2K,KSSK,HVCit,HCitV,u(Ole),KS2K|HVCit|u(Ole),40.173,24.834,250446,334948,False,,CCCCCCCC/C=C\CCCCCCCC(=O)NC(C(=O)NC(CCCNC(N)=O)C(=O)NC(Cc1c[nH]cn1)C(=O)NCCCCC(NC(=O)C(Cc1c[nH]cn1)NC(=O)C(CCCNC(N)=O)NC(=O)C(NC(=O)CCCCCCC/C=C\CCCCCCCC)C(C)C)C(=O)NC(CO)C(=O)NC(CO)C(=O)NC(CCCCN)C(=O)NCCO)C(C)C
EtOHA-RSSK-SCitV-u(Ole),EtOHA,RS2K,RSSK,SVCit,SCitV,u(Ole),RS2K|SVCit|u(Ole),40.12,29.082,250785,334948,False,,CCCCCCCC/C=C\CCCCCCCC(=O)NC(C(=O)NC(CCCNC(N)=O)C(=O)NC(CO)C(=O)NCCCCC(NC(=O)C(CO)NC(=O)C(CCCNC(N)=O)NC(=O)C(NC(=O)CCCCCCC/C=C\CCCCCCCC)C(C)C)C(=O)NC(CO)C(=O)NC(CO)C(=O)NC(CCCNC(=N)N)C(=O)NCCO)C(C)C
EtOHA-SKK-SSV-u(Ole),EtOHA,KSK,SKK,SVS,SSV,u(Ole),KSK|SVS|u(Ole),39.95,19.246,251794,334948,False,,CCCCCCCC/C=C\CCCCCCCC(=O)NC(C(=O)NC(CO)C(=O)NC(CO)C(=O)NCCCCC(NC(=O)C(CO)NC(=O)C(CO)NC(=O)C(NC(=O)CCCCCCC/C=C\CCCCCCCC)C(C)C)C(=O)NC(CCCCN)C(=O)NC(CO)C(=O)NCCO)C(C)C
EtOHA-KSK-SCV-u(Ole),EtOHA,KSK,KSK,SVC,SCV,u(Ole),KSK|SVC|u(Ole),39.808,22.975,252641,334948,False,,CCCCCCCC/C=C\CCCCCCCC(=O)NC(C(=O)NC(CS)C(=O)NC(CO)C(=O)NCCCCC(NC(=O)C(CO)NC(=O)C(CS)NC(=O)C(NC(=O)CCCCCCC/C=C\CCCCCCCC)C(C)C)C(=O)NC(CO)C(=O)NC(CCCCN)C(=O)NCCO)C(C)C
EtOHA-KSSK-SSV-u(Ole),EtOHA,KS2K,KSSK,SVS,SSV,u(Ole),KS2K|SVS|u(Ole),39.787,29.355,252746,334948,False,,CCCCCCCC/C=C\CCCCCCCC(=O)NC(C(=O)NC(CO)C(=O)NC(CO)C(=O)NCCCCC(NC(=O)C(CO)NC(=O)C(CO)NC(=O)C(NC(=O)CCCCCCC/C=C\CCCCCCCC)C(C)C)C(=O)NC(CO)C(=O)NC(CO)C(=O)NC(CCCCN)C(=O)NCCO)C(C)C
EtOHA-SRK-SCitV-u(Lin),EtOHA,RSK,SRK,SVCit,SCitV,u(Lin),RSK|SVCit|u(Lin),39.75,24.264,252956,334948,False,,CCCCC/C=C\C/C=C\CCCCCCCC(=O)NC(C(=O)NC(CCCNC(N)=O)C(=O)NC(CO)C(=O)NCCCCC(NC(=O)C(CO)NC(=O)C(CCCNC(N)=O)NC(=O)C(NC(=O)CCCCCCC/C=C\C/C=C\CCCCC)C(C)C)C(=O)NC(CCCNC(=N)N)C(=O)NC(CO)C(=O)NCCO)C(C)C
EtOHA-RK-SVS-u(Lin),EtOHA,RK,RK,SVS,SVS,u(Lin),RK|SVS|u(Lin),39.634,23.174,253655,334948,False,,CCCCC/C=C\C/C=C\CCCCCCCC(=O)NC(CO)C(=O)NC(C(=O)NC(CO)C(=O)NCCCCC(NC(=O)C(CO)NC(=O)C(NC(=O)C(CO)NC(=O)CCCCCCC/C=C\C/C=C\CCCCC)C(C)C)C(=O)NC(CCCNC(=N)N)C(=O)NCCO)C(C)C
EtOHA-RSK-SVS-u(Ole),EtOHA,RSK,RSK,SVS,SVS,u(Ole),RSK|SVS|u(Ole),39.491,24.195,254449,334948,False,,CCCCCCCC/C=C\CCCCCCCC(=O)NC(CO)C(=O)NC(C(=O)NC(CO)C(=O)NCCCCC(NC(=O)C(CO)NC(=O)C(NC(=O)C(CO)NC(=O)CCCCCCC/C=C\CCCCCCCC)C(C)C)C(=O)NC(CO)C(=O)NC(CCCNC(=N)N)C(=O)NCCO)C(C)C
EtOHA-SSRK-SVS-u(Lin),EtOHA,RS2K,SSRK,SVS,SVS,u(Lin),RS2K|SVS|u(Lin),39.441,24.214,254767,334948,False,,CCCCC/C=C\C/C=C\CCCCCCCC(=O)NC(CO)C(=O)NC(C(=O)NC(CO)C(=O)NCCCCC(NC(=O)C(CO)NC(=O)C(NC(=O)C(CO)NC(=O)CCCCCCC/C=C\C/C=C\CCCCC)C(C)C)C(=O)NC(CCCNC(=N)N)C(=O)NC(CO)C(=O)NC(CO)C(=O)NCCO)C(C)C
EtOHA-SRSK-SVS-u(Lin),EtOHA,RS2K,SRSK,SVS,SVS,u(Lin),RS2K|SVS|u(Lin),39.247,23.221,255863,334948,False,,CCCCC/C=C\C/C=C\CCCCCCCC(=O)NC(CO)C(=O)NC(C(=O)NC(CO)C(=O)NCCCCC(NC(=O)C(CO)NC(=O)C(NC(=O)C(CO)NC(=O)CCCCCCC/C=C\C/C=C\CCCCC)C(C)C)C(=O)NC(CO)C(=O)NC(CCCNC(=N)N)C(=O)NC(CO)C(=O)NCCO)C(C)C
EtOHA-KSK-SCitV-s2(6/8),EtOHA,KSK,KSK,SVCit,SCitV,s2(6/8),KSK|SVCit|s2(6/8),39.075,21.136,256838,334948,False,,CCCCCCCCC(CCCCCC)C(=O)NC(C(=O)NC(CCCNC(N)=O)C(=O)NC(CO)C(=O)NCCCCC(NC(=O)C(CO)NC(=O)C(CCCNC(N)=O)NC(=O)C(NC(=O)C(CCCCCC)CCCCCCCC)C(C)C)C(=O)NC(CO)C(=O)NC(CCCCN)C(=O)NCCO)C(C)C
EtOHA-RSK-SCV-u(Ole),EtOHA,RSK,RSK,SVC,SCV,u(Ole),RSK|SVC|u(Ole),38.898,29.567,257800,334948,False,,CCCCCCCC/C=C\CCCCCCCC(=O)NC(C(=O)NC(CS)C(=O)NC(CO)C(=O)NCCCCC(NC(=O)C(CO)NC(=O)C(CS)NC(=O)C(NC(=O)CCCCCCC/C=C\CCCCCCCC)C(C)C)C(=O)NC(CO)C(=O)NC(CCCNC(=N)N)C(=O)NCCO)C(C)C
EtOHA-RSSK-SVS-u(Ole),EtOHA,RS2K,RSSK,SVS,SVS,u(Ole),RS2K|SVS|u(Ole),38.658,12.931,259158,334948,False,,CCCCCCCC/C=C\CCCCCCCC(=O)NC(CO)C(=O)NC(C(=O)NC(CO)C(=O)NCCCCC(NC(=O)C(CO)NC(=O)C(NC(=O)C(CO)NC(=O)CCCCCCC/C=C\CCCCCCCC)C(C)C)C(=O)NC(CO)C(=O)NC(CO)C(=O)NC(CCCNC(=N)N)C(=O)NCCO)C(C)C
EtOHA-SKK-SSV-u(Lin),EtOHA,KSK,SKK,SVS,SSV,u(Lin),KSK|SVS|u(Lin),38.556,21.197,259720,334948,False,,CCCCC/C=C\C/C=C\CCCCCCCC(=O)NC(C(=O)NC(CO)C(=O)NC(CO)C(=O)NCCCCC(NC(=O)C(CO)NC(=O)C(CO)NC(=O)C(NC(=O)CCCCCCC/C=C\C/C=C\CCCCC)C(C)C)C(=O)NC(CCCCN)C(=O)NC(CO)C(=O)NCCO)C(C)C
EtOHA-KSSK-SVS-u(Ole),EtOHA,KS2K,KSSK,SVS,SVS,u(Ole),KS2K|SVS|u(Ole),38.49,28.996,260056,334948,False,,CCCCCCCC/C=C\CCCCCCCC(=O)NC(CO)C(=O)NC(C(=O)NC(CO)C(=O)NCCCCC(NC(=O)C(CO)NC(=O)C(NC(=O)C(CO)NC(=O)CCCCCCC/C=C\CCCCCCCC)C(C)C)C(=O)NC(CO)C(=O)NC(CO)C(=O)NC(CCCCN)C(=O)NCCO)C(C)C
EtOHA-RK-SCV-u(Lin),EtOHA,RK,RK,SVC,SCV,u(Lin),RK|SVC|u(Lin),38.477,25.356,260120,334948,False,,CCCCC/C=C\C/C=C\CCCCCCCC(=O)NC(C(=O)NC(CS)C(=O)NC(CO)C(=O)NCCCCC(NC(=O)C(CO)NC(=O)C(CS)NC(=O)C(NC(=O)CCCCCCC/C=C\C/C=C\CCCCC)C(C)C)C(=O)NC(CCCNC(=N)N)C(=O)NCCO)C(C)C
EtOHA-KSK-SVS-u(Lin),EtOHA,KSK,KSK,SVS,SVS,u(Lin),KSK|SVS|u(Lin),38.33,18.402,260875,334948,False,,CCCCC/C=C\C/C=C\CCCCCCCC(=O)NC(CO)C(=O)NC(C(=O)NC(CO)C(=O)NCCCCC(NC(=O)C(CO)NC(=O)C(NC(=O)C(CO)NC(=O)CCCCCCC/C=C\C/C=C\CCCCC)C(C)C)C(=O)NC(CO)C(=O)NC(CCCCN)C(=O)NCCO)C(C)C
EtOHA-KSK-SSV-u(Lin),EtOHA,KSK,KSK,SVS,SSV,u(Lin),KSK|SVS|u(Lin),38.167,17.457,261720,334948,False,,CCCCC/C=C\C/C=C\CCCCCCCC(=O)NC(C(=O)NC(CO)C(=O)NC(CO)C(=O)NCCCCC(NC(=O)C(CO)NC(=O)C(CO)NC(=O)C(NC(=O)CCCCCCC/C=C\C/C=C\CCCCC)C(C)C)C(=O)NC(CO)C(=O)NC(CCCCN)C(=O)NCCO)C(C)C
EtOHA-RSK-SCitV-u(Lin),EtOHA,RSK,RSK,SVCit,SCitV,u(Lin),RSK|SVCit|u(Lin),38.017,26.785,262555,334948,False,,CCCCC/C=C\C/C=C\CCCCCCCC(=O)NC(C(=O)NC(CCCNC(N)=O)C(=O)NC(CO)C(=O)NCCCCC(NC(=O)C(CO)NC(=O)C(CCCNC(N)=O)NC(=O)C(NC(=O)CCCCCCC/C=C\C/C=C\CCCCC)C(C)C)C(=O)NC(CO)C(=O)NC(CCCNC(=N)N)C(=O)NCCO)C(C)C
EtOHA-SSKK-SVS-u(Ole),EtOHA,KS2K,SSKK,SVS,SVS,u(Ole),KS2K|SVS|u(Ole),37.793,23.68,263755,334948,False,,CCCCCCCC/C=C\CCCCCCCC(=O)NC(CO)C(=O)NC(C(=O)NC(CO)C(=O)NCCCCC(NC(=O)C(CO)NC(=O)C(NC(=O)C(CO)NC(=O)CCCCCCC/C=C\CCCCCCCC)C(C)C)C(=O)NC(CCCCN)C(=O)NC(CO)C(=O)NC(CO)C(=O)NCCO)C(C)C
EtOHA-SKK-SCitV-u(Lin),EtOHA,KSK,SKK,SVCit,SCitV,u(Lin),KSK|SVCit|u(Lin),37.725,27.605,264126,334948,False,,CCCCC/C=C\C/C=C\CCCCCCCC(=O)NC(C(=O)NC(CCCNC(N)=O)C(=O)NC(CO)C(=O)NCCCCC(NC(=O)C(CO)NC(=O)C(CCCNC(N)=O)NC(=O)C(NC(=O)CCCCCCC/C=C\C/C=C\CCCCC)C(C)C)C(=O)NC(CCCCN)C(=O)NC(CO)C(=O)NCCO)C(C)C
EtOHA-KSSK-SVS-u(Lin),EtOHA,KS2K,KSSK,SVS,SVS,u(Lin),KS2K|SVS|u(Lin),37.438,16.29,265617,334948,False,,CCCCC/C=C\C/C=C\CCCCCCCC(=O)NC(CO)C(=O)NC(C(=O)NC(CO)C(=O)NCCCCC(NC(=O)C(CO)NC(=O)C(NC(=O)C(CO)NC(=O)CCCCCCC/C=C\C/C=C\CCCCC)C(C)C)C(=O)NC(CO)C(=O)NC(CO)C(=O)NC(CCCCN)C(=O)NCCO)C(C)C
EtOHA-SSRK-SCitV-u(Ole),EtOHA,RS2K,SSRK,SVCit,SCitV,u(Ole),RS2K|SVCit|u(Ole),37.331,27.0,266169,334948,False,,CCCCCCCC/C=C\CCCCCCCC(=O)NC(C(=O)NC(CCCNC(N)=O)C(=O)NC(CO)C(=O)NCCCCC(NC(=O)C(CO)NC(=O)C(CCCNC(N)=O)NC(=O)C(NC(=O)CCCCCCC/C=C\CCCCCCCC)C(C)C)C(=O)NC(CCCNC(=N)N)C(=O)NC(CO)C(=O)NC(CO)C(=O)NCCO)C(C)C
EtOHA-KK-SCitV-s2(6/8),EtOHA,KK,KK,SVCit,SCitV,s2(6/8),KK|SVCit|s2(6/8),37.328,26.148,266196,334948,False,,CCCCCCCCC(CCCCCC)C(=O)NC(C(=O)NC(CCCNC(N)=O)C(=O)NC(CO)C(=O)NCCCCC(NC(=O)C(CO)NC(=O)C(CCCNC(N)=O)NC(=O)C(NC(=O)C(CCCCCC)CCCCCCCC)C(C)C)C(=O)NC(CCCCN)C(=O)NCCO)C(C)C
EtOHA-SKSK-SSV-u(Lin),EtOHA,KS2K,SKSK,SVS,SSV,u(Lin),KS2K|SVS|u(Lin),37.078,12.967,267474,334948,False,,CCCCC/C=C\C/C=C\CCCCCCCC(=O)NC(C(=O)NC(CO)C(=O)NC(CO)C(=O)NCCCCC(NC(=O)C(CO)NC(=O)C(CO)NC(=O)C(NC(=O)CCCCCCC/C=C\C/C=C\CCCCC)C(C)C)C(=O)NC(CO)C(=O)NC(CCCCN)C(=O)NC(CO)C(=O)NCCO)C(C)C
EtOHA-RSSK-SSV-u(Ole),EtOHA,RS2K,RSSK,SVS,SSV,u(Ole),RS2K|SVS|u(Ole),36.993,13.575,267892,334948,False,,CCCCCCCC/C=C\CCCCCCCC(=O)NC(C(=O)NC(CO)C(=O)NC(CO)C(=O)NCCCCC(NC(=O)C(CO)NC(=O)C(CO)NC(=O)C(NC(=O)CCCCCCC/C=C\CCCCCCCC)C(C)C)C(=O)NC(CO)C(=O)NC(CO)C(=O)NC(CCCNC(=N)N)C(=O)NCCO)C(C)C
EtOHA-SKK-SVS-u(Lin),EtOHA,KSK,SKK,SVS,SVS,u(Lin),KSK|SVS|u(Lin),36.98,17.912,267965,334948,False,,CCCCC/C=C\C/C=C\CCCCCCCC(=O)NC(CO)C(=O)NC(C(=O)NC(CO)C(=O)NCCCCC(NC(=O)C(CO)NC(=O)C(NC(=O)C(CO)NC(=O)CCCCCCC/C=C\C/C=C\CCCCC)C(C)C)C(=O)NC(CCCCN)C(=O)NC(CO)C(=O)NCCO)C(C)C
EtOHA-SSRK-SVS-u(Ole),EtOHA,RS2K,SSRK,SVS,SVS,u(Ole),RS2K|SVS|u(Ole),36.789,17.295,268897,334948,False,,CCCCCCCC/C=C\CCCCCCCC(=O)NC(CO)C(=O)NC(C(=O)NC(CO)C(=O)NCCCCC(NC(=O)C(CO)NC(=O)C(NC(=O)C(CO)NC(=O)CCCCCCC/C=C\CCCCCCCC)C(C)C)C(=O)NC(CCCNC(=N)N)C(=O)NC(CO)C(=O)NC(CO)C(=O)NCCO)C(C)C
EtOHA-SKSK-SVS-u(Ole),EtOHA,KS2K,SKSK,SVS,SVS,u(Ole),KS2K|SVS|u(Ole),36.77,30.199,268977,334948,False,,CCCCCCCC/C=C\CCCCCCCC(=O)NC(CO)C(=O)NC(C(=O)NC(CO)C(=O)NCCCCC(NC(=O)C(CO)NC(=O)C(NC(=O)C(CO)NC(=O)CCCCCCC/C=C\CCCCCCCC)C(C)C)C(=O)NC(CO)C(=O)NC(CCCCN)C(=O)NC(CO)C(=O)NCCO)C(C)C
EtOHA-SKK-SVS-u(Ole),EtOHA,KSK,SKK,SVS,SVS,u(Ole),KSK|SVS|u(Ole),36.32,17.84,271161,334948,False,,CCCCCCCC/C=C\CCCCCCCC(=O)NC(CO)C(=O)NC(C(=O)NC(CO)C(=O)NCCCCC(NC(=O)C(CO)NC(=O)C(NC(=O)C(CO)NC(=O)CCCCCCC/C=C\CCCCCCCC)C(C)C)C(=O)NC(CCCCN)C(=O)NC(CO)C(=O)NCCO)C(C)C
EtOHA-RK-SCitV-u(Lin),EtOHA,RK,RK,SVCit,SCitV,u(Lin),RK|SVCit|u(Lin),36.306,25.464,271225,334948,False,,CCCCC/C=C\C/C=C\CCCCCCCC(=O)NC(C(=O)NC(CCCNC(N)=O)C(=O)NC(CO)C(=O)NCCCCC(NC(=O)C(CO)NC(=O)C(CCCNC(N)=O)NC(=O)C(NC(=O)CCCCCCC/C=C\C/C=C\CCCCC)C(C)C)C(=O)NC(CCCNC(=N)N)C(=O)NCCO)C(C)C
EtOHA-SRSK-SVS-u(Ole),EtOHA,RS2K,SRSK,SVS,SVS,u(Ole),RS2K|SVS|u(Ole),35.508,13.903,275042,334948,False,,CCCCCCCC/C=C\CCCCCCCC(=O)NC(CO)C(=O)NC(C(=O)NC(CO)C(=O)NCCCCC(NC(=O)C(CO)NC(=O)C(NC(=O)C(CO)NC(=O)CCCCCCC/C=C\CCCCCCCC)C(C)C)C(=O)NC(CO)C(=O)NC(CCCNC(=N)N)C(=O)NC(CO)C(=O)NCCO)C(C)C
EtOHA-SRSK-SSV-u(Ole),EtOHA,RS2K,SRSK,SVS,SSV,u(Ole),RS2K|SVS|u(Ole),35.47,14.014,275215,334948,False,,CCCCCCCC/C=C\CCCCCCCC(=O)NC(C(=O)NC(CO)C(=O)NC(CO)C(=O)NCCCCC(NC(=O)C(CO)NC(=O)C(CO)NC(=O)C(NC(=O)CCCCCCC/C=C\CCCCCCCC)C(C)C)C(=O)NC(CO)C(=O)NC(CCCNC(=N)N)C(=O)NC(CO)C(=O)NCCO)C(C)C
EtOHA-SRK-SVS-u(Lin),EtOHA,RSK,SRK,SVS,SVS,u(Lin),RSK|SVS|u(Lin),34.985,22.488,277476,334948,False,,CCCCC/C=C\C/C=C\CCCCCCCC(=O)NC(CO)C(=O)NC(C(=O)NC(CO)C(=O)NCCCCC(NC(=O)C(CO)NC(=O)C(NC(=O)C(CO)NC(=O)CCCCCCC/C=C\C/C=C\CCCCC)C(C)C)C(=O)NC(CCCNC(=N)N)C(=O)NC(CO)C(=O)NCCO)C(C)C
EtOHA-SSKK-SSV-u(Lin),EtOHA,KS2K,SSKK,SVS,SSV,u(Lin),KS2K|SVS|u(Lin),34.712,15.623,278752,334948,False,,CCCCC/C=C\C/C=C\CCCCCCCC(=O)NC(C(=O)NC(CO)C(=O)NC(CO)C(=O)NCCCCC(NC(=O)C(CO)NC(=O)C(CO)NC(=O)C(NC(=O)CCCCCCC/C=C\C/C=C\CCCCC)C(C)C)C(=O)NC(CCCCN)C(=O)NC(CO)C(=O)NC(CO)C(=O)NCCO)C(C)C
EtOHA-SKSK-SSV-u(Ole),EtOHA,KS2K,SKSK,SVS,SSV,u(Ole),KS2K|SVS|u(Ole),34.59,31.226,279335,334948,False,,CCCCCCCC/C=C\CCCCCCCC(=O)NC(C(=O)NC(CO)C(=O)NC(CO)C(=O)NCCCCC(NC(=O)C(CO)NC(=O)C(CO)NC(=O)C(NC(=O)CCCCCCC/C=C\CCCCCCCC)C(C)C)C(=O)NC(CO)C(=O)NC(CCCCN)C(=O)NC(CO)C(=O)NCCO)C(C)C
EtOHA-RSSK-SCV-u(Ole),EtOHA,RS2K,RSSK,SVC,SCV,u(Ole),RS2K|SVC|u(Ole),34.038,23.779,281657,334948,False,,CCCCCCCC/C=C\CCCCCCCC(=O)NC(C(=O)NC(CS)C(=O)NC(CO)C(=O)NCCCCC(NC(=O)C(CO)NC(=O)C(CS)NC(=O)C(NC(=O)CCCCCCC/C=C\CCCCCCCC)C(C)C)C(=O)NC(CO)C(=O)NC(CO)C(=O)NC(CCCNC(=N)N)C(=O)NCCO)C(C)C
EtOHA-KSK-SCitV-u(Lin),EtOHA,KSK,KSK,SVCit,SCitV,u(Lin),KSK|SVCit|u(Lin),33.686,24.565,282991,334948,False,,CCCCC/C=C\C/C=C\CCCCCCCC(=O)NC(C(=O)NC(CCCNC(N)=O)C(=O)NC(CO)C(=O)NCCCCC(NC(=O)C(CO)NC(=O)C(CCCNC(N)=O)NC(=O)C(NC(=O)CCCCCCC/C=C\C/C=C\CCCCC)C(C)C)C(=O)NC(CO)C(=O)NC(CCCCN)C(=O)NCCO)C(C)C
EtOHA-SSKK-SSV-u(Ole),EtOHA,KS2K,SSKK,SVS,SSV,u(Ole),KS2K|SVS|u(Ole),33.65,28.498,283147,334948,False,,CCCCCCCC/C=C\CCCCCCCC(=O)NC(C(=O)NC(CO)C(=O)NC(CO)C(=O)NCCCCC(NC(=O)C(CO)NC(=O)C(CO)NC(=O)C(NC(=O)CCCCCCC/C=C\CCCCCCCC)C(C)C)C(=O)NC(CCCCN)C(=O)NC(CO)C(=O)NC(CO)C(=O)NCCO)C(C)C
EtOHA-RK-SCitV-u(Ole),EtOHA,RK,RK,SVCit,SCitV,u(Ole),RK|SVCit|u(Ole),33.341,27.364,284461,334948,False,,CCCCCCCC/C=C\CCCCCCCC(=O)NC(C(=O)NC(CCCNC(N)=O)C(=O)NC(CO)C(=O)NCCCCC(NC(=O)C(CO)NC(=O)C(CCCNC(N)=O)NC(=O)C(NC(=O)CCCCCCC/C=C\CCCCCCCC)C(C)C)C(=O)NC(CCCNC(=N)N)C(=O)NCCO)C(C)C
EtOHA-SSRK-SSV-u(Ole),EtOHA,RS2K,SSRK,SVS,SSV,u(Ole),RS2K|SVS|u(Ole),32.849,15.006,286378,334948,False,,CCCCCCCC/C=C\CCCCCCCC(=O)NC(C(=O)NC(CO)C(=O)NC(CO)C(=O)NCCCCC(NC(=O)C(CO)NC(=O)C(CO)NC(=O)C(NC(=O)CCCCCCC/C=C\CCCCCCCC)C(C)C)C(=O)NC(CCCNC(=N)N)C(=O)NC(CO)C(=O)NC(CO)C(=O)NCCO)C(C)C
EtOHA-RSK-SCitV-u(Ole),EtOHA,RSK,RSK,SVCit,SCitV,u(Ole),RSK|SVCit|u(Ole),32.619,25.941,287251,334948,False,,CCCCCCCC/C=C\CCCCCCCC(=O)NC(C(=O)NC(CCCNC(N)=O)C(=O)NC(CO)C(=O)NCCCCC(NC(=O)C(CO)NC(=O)C(CCCNC(N)=O)NC(=O)C(NC(=O)CCCCCCC/C=C\CCCCCCCC)C(C)C)C(=O)NC(CO)C(=O)NC(CCCNC(=N)N)C(=O)NCCO)C(C)C
EtOHA-RSK-SVS-u(Lin),EtOHA,RSK,RSK,SVS,SVS,u(Lin),RSK|SVS|u(Lin),32.096,21.387,289252,334948,False,,CCCCC/C=C\C/C=C\CCCCCCCC(=O)NC(CO)C(=O)NC(C(=O)NC(CO)C(=O)NCCCCC(NC(=O)C(CO)NC(=O)C(NC(=O)C(CO)NC(=O)CCCCCCC/C=C\C/C=C\CCCCC)C(C)C)C(=O)NC(CO)C(=O)NC(CCCNC(=N)N)C(=O)NCCO)C(C)C
EtOHA-SSKK-SVS-u(Lin),EtOHA,KS2K,SSKK,SVS,SVS,u(Lin),KS2K|SVS|u(Lin),32.038,11.729,289488,334948,False,,CCCCC/C=C\C/C=C\CCCCCCCC(=O)NC(CO)C(=O)NC(C(=O)NC(CO)C(=O)NCCCCC(NC(=O)C(CO)NC(=O)C(NC(=O)C(CO)NC(=O)CCCCCCC/C=C\C/C=C\CCCCC)C(C)C)C(=O)NC(CCCCN)C(=O)NC(CO)C(=O)NC(CO)C(=O)NCCO)C(C)C
EtOHA-RK-SSV-u(Lin),EtOHA,RK,RK,SVS,SSV,u(Lin),RK|SVS|u(Lin),31.945,17.823,289796,334948,False,,CCCCC/C=C\C/C=C\CCCCCCCC(=O)NC(C(=O)NC(CO)C(=O)NC(CO)C(=O)NCCCCC(NC(=O)C(CO)NC(=O)C(CO)NC(=O)C(NC(=O)CCCCCCC/C=C\C/C=C\CCCCC)C(C)C)C(=O)NC(CCCNC(=N)N)C(=O)NCCO)C(C)C
EtOHA-KSSK-SSV-u(Lin),EtOHA,KS2K,KSSK,SVS,SSV,u(Lin),KS2K|SVS|u(Lin),31.759,7.158,290472,334948,False,,CCCCC/C=C\C/C=C\CCCCCCCC(=O)NC(C(=O)NC(CO)C(=O)NC(CO)C(=O)NCCCCC(NC(=O)C(CO)NC(=O)C(CO)NC(=O)C(NC(=O)CCCCCCC/C=C\C/C=C\CCCCC)C(C)C)C(=O)NC(CO)C(=O)NC(CO)C(=O)NC(CCCCN)C(=O)NCCO)C(C)C
EtOHA-SRK-SCitV-u(Ole),EtOHA,RSK,SRK,SVCit,SCitV,u(Ole),RSK|SVCit|u(Ole),31.669,25.71,290788,334948,False,,CCCCCCCC/C=C\CCCCCCCC(=O)NC(C(=O)NC(CCCNC(N)=O)C(=O)NC(CO)C(=O)NCCCCC(NC(=O)C(CO)NC(=O)C(CCCNC(N)=O)NC(=O)C(NC(=O)CCCCCCC/C=C\CCCCCCCC)C(C)C)C(=O)NC(CCCNC(=N)N)C(=O)NC(CO)C(=O)NCCO)C(C)C
EtOHA-SRK-SSV-u(Lin),EtOHA,RSK,SRK,SVS,SSV,u(Lin),RSK|SVS|u(Lin),30.988,18.548,293123,334948,False,,CCCCC/C=C\C/C=C\CCCCCCCC(=O)NC(C(=O)NC(CO)C(=O)NC(CO)C(=O)NCCCCC(NC(=O)C(CO)NC(=O)C(CO)NC(=O)C(NC(=O)CCCCCCC/C=C\C/C=C\CCCCC)C(C)C)C(=O)NC(CCCNC(=N)N)C(=O)NC(CO)C(=O)NCCO)C(C)C
EtOHA-KK-SCitV-u(Lin),EtOHA,KK,KK,SVCit,SCitV,u(Lin),KK|SVCit|u(Lin),30.792,28.945,293762,334948,False,,CCCCC/C=C\C/C=C\CCCCCCCC(=O)NC(C(=O)NC(CCCNC(N)=O)C(=O)NC(CO)C(=O)NCCCCC(NC(=O)C(CO)NC(=O)C(CCCNC(N)=O)NC(=O)C(NC(=O)CCCCCCC/C=C\C/C=C\CCCCC)C(C)C)C(=O)NC(CCCCN)C(=O)NCCO)C(C)C
EtOHA-KSSK-SCV-u(Ole),EtOHA,KS2K,KSSK,SVC,SCV,u(Ole),KS2K|SVC|u(Ole),30.282,10.429,295370,334948,False,,CCCCCCCC/C=C\CCCCCCCC(=O)NC(C(=O)NC(CS)C(=O)NC(CO)C(=O)NCCCCC(NC(=O)C(CO)NC(=O)C(CS)NC(=O)C(NC(=O)CCCCCCC/C=C\CCCCCCCC)C(C)C)C(=O)NC(CO)C(=O)NC(CO)C(=O)NC(CCCCN)C(=O)NCCO)C(C)C
EtOHA-RSK-SSV-u(Lin),EtOHA,RSK,RSK,SVS,SSV,u(Lin),RSK|SVS|u(Lin),29.579,19.844,297624,334948,False,,CCCCC/C=C\C/C=C\CCCCCCCC(=O)NC(C(=O)NC(CO)C(=O)NC(CO)C(=O)NCCCCC(NC(=O)C(CO)NC(=O)C(CO)NC(=O)C(NC(=O)CCCCCCC/C=C\C/C=C\CCCCC)C(C)C)C(=O)NC(CO)C(=O)NC(CCCNC(=N)N)C(=O)NCCO)C(C)C
EtOHA-SKSK-SVS-u(Lin),EtOHA,KS2K,SKSK,SVS,SVS,u(Lin),KS2K|SVS|u(Lin),28.739,14.407,300166,334948,False,,CCCCC/C=C\C/C=C\CCCCCCCC(=O)NC(CO)C(=O)NC(C(=O)NC(CO)C(=O)NCCCCC(NC(=O)C(CO)NC(=O)C(NC(=O)C(CO)NC(=O)CCCCCCC/C=C\C/C=C\CCCCC)C(C)C)C(=O)NC(CO)C(=O)NC(CCCCN)C(=O)NC(CO)C(=O)NCCO)C(C)C
EtOHA-KK-SCitV-u(Ole),EtOHA,KK,KK,SVCit,SCitV,u(Ole),KK|SVCit|u(Ole),26.373,24.175,306524,334948,False,,CCCCCCCC/C=C\CCCCCCCC(=O)NC(C(=O)NC(CCCNC(N)=O)C(=O)NC(CO)C(=O)NCCCCC(NC(=O)C(CO)NC(=O)C(CCCNC(N)=O)NC(=O)C(NC(=O)CCCCCCC/C=C\CCCCCCCC)C(C)C)C(=O)NC(CCCCN)C(=O)NCCO)C(C)C
