smiles,quantified_toxicity,quantified_delivery
CCCCNCCOP(=O)(O)OCCCC,95,4.69
CCCCCOP(=O)(O)OCCNCCCC,95,4.69
CCCCCCOP(=O)(O)OCCNCCCC,95,4.69
CCCCCCCOP(=O)(O)OCCNCCCC,85,4.69
CCCCCCCCOP(=O)(O)OCCNCCCC,95,3.69
CCCCCCCCCOP(=O)(O)OCCNCCCC,95,4.69
CCCCCCCCCCOP(=O)(O)OCCNCCCC,85,4.69
CCCCCCCCCCCOP(=O)(O)OCCNCCCC,85,4.69
CCCCCCCCCCCCOP(=O)(O)OCCNCCCC,95,4.69
CCCCCCCCCCCCCOP(=O)(O)OCCNCCCC,95,5.69
CCCCCCCCCCCCCCOP(=O)(O)OCCNCCCC,85,4.69
CCCCCCCCCCCCCCCOP(=O)(O)OCCNCCCC,95,4.69
CCCCCCCCCCCCCCCCOP(=O)(O)OCCNCCCC,95,4.69
CCCCCCNCCOP(=O)(O)OCCCC,95,4.69
CCCCCCNCCOP(=O)(O)OCCCCC,95,4.69
CCCCCCNCCOP(=O)(O)OCCCCCC,95,4.69
CCCCCCCOP(=O)(O)OCCNCCCCCC,85,4.69
CCCCCCCCOP(=O)(O)OCCNCCCCCC,95,4.69
CCCCCCCCCOP(=O)(O)OCCNCCCCCC,95,4.69
CCCCCCCCCCOP(=O)(O)OCCNCCCCCC,85,5.69
CCCCCCCCCCCOP(=O)(O)OCCNCCCCCC,85,5.69
CCCCCCCCCCCCOP(=O)(O)OCCNCCCCCC,95,4.69
CCCCCCCCCCCCCOP(=O)(O)OCCNCCCCCC,95,4.69
CCCCCCCCCCCCCCOP(=O)(O)OCCNCCCCCC,95,4.69
CCCCCCCCCCCCCCCOP(=O)(O)OCCNCCCCCC,95,3.69
CCCCCCCCCCCCCCCCOP(=O)(O)OCCNCCCCCC,95,4.69
CCCCCCCCNCCOP(=O)(O)OCCCC,95,3.69
CCCCCCCCNCCOP(=O)(O)OCCCCC,95,3.69
CCCCCCCCNCCOP(=O)(O)OCCCCCC,85,4.69
CCCCCCCCNCCOP(=O)(O)OCCCCCCC,95,3.69
CCCCCCCCNCCOP(=O)(O)OCCCCCCCC,95,3.69
CCCCCCCCCOP(=O)(O)OCCNCCCCCCCC,95,3.69
CCCCCCCCCCOP(=O)(O)OCCNCCCCCCCC,95,3.69
CCCCCCCCCCCOP(=O)(O)OCCNCCCCCCCC,85,4.69
CCCCCCCCCCCCOP(=O)(O)OCCNCCCCCCCC,95,3.69
CCCCCCCCCCCCCOP(=O)(O)OCCNCCCCCCCC,95,3.69
CCCCCCCCCCCCCCOP(=O)(O)OCCNCCCCCCCC,85,3.69
CCCCCCCCCCCCCCCOP(=O)(O)OCCNCCCCCCCC,95,3.69
CCCCCCCCCCCCCCCCOP(=O)(O)OCCNCCCCCCCC,95,3.69
CCCCCCCCCCNCCOP(=O)(O)OCCCC,95,3.69
CCCCCCCCCCNCCOP(=O)(O)OCCCCC,95,3.69
CCCCCCCCCCNCCOP(=O)(O)OCCCCCC,95,3.69
CCCCCCCCCCNCCOP(=O)(O)OCCCCCCC,85,3.69
CCCCCCCCCCNCCOP(=O)(O)OCCCCCCCC,95,3.69
CCCCCCCCCCNCCOP(=O)(O)OCCCCCCCCC,95,3.69
CCCCCCCCCCNCCOP(=O)(O)OCCCCCCCCCC,85,4.69
CCCCCCCCCCCOP(=O)(O)OCCNCCCCCCCCCC,95,4.69
CCCCCCCCCCCCOP(=O)(O)OCCNCCCCCCCCCC,95,4.69
CCCCCCCCCCCCCOP(=O)(O)OCCNCCCCCCCCCC,95,4.69
CCCCCCCCCCCCCCOP(=O)(O)OCCNCCCCCCCCCC,85,3.69
CCCCCCCCCCCCCCCOP(=O)(O)OCCNCCCCCCCCCC,95,3.69
CCCCCCCCCCCCCCCCOP(=O)(O)OCCNCCCCCCCCCC,95,3.69
CCCCCCCCCCCCNCCOP(=O)(O)OCCCC,95,3.69
CCCCCCCCCCCCNCCOP(=O)(O)OCCCCC,95,3.69
CCCCCCCCCCCCNCCOP(=O)(O)OCCCCCC,85,3.69
CCCCCCCCCCCCNCCOP(=O)(O)OCCCCCCC,95,2.69
CCCCCCCCCCCCNCCOP(=O)(O)OCCCCCCCC,95,3.69
CCCCCCCCCCCCNCCOP(=O)(O)OCCCCCCCCC,95,3.69
CCCCCCCCCCCCNCCOP(=O)(O)OCCCCCCCCCC,85,3.69
CCCCCCCCCCCCNCCOP(=O)(O)OCCCCCCCCCCC,95,3.69
CCCCCCCCCCCCNCCOP(=O)(O)OCCCCCCCCCCCC,95,4.69
CCCCCCCCCCCCCOP(=O)(O)OCCNCCCCCCCCCCCC,95,4.69
CCCCCCCCCCCCCCOP(=O)(O)OCCNCCCCCCCCCCCC,95,4.69
CCCCCCCCCCCCCCCOP(=O)(O)OCCNCCCCCCCCCCCC,95,3.69
CCCCCCCCCCCCCCCCOP(=O)(O)OCCNCCCCCCCCCCCC,95,3.69
CCCCCCCCCCCCCCNCCOP(=O)(O)OCCCC,95,3.69
CCCCCCCCCCCCCCNCCOP(=O)(O)OCCCCC,95,3.69
CCCCCCCCCCCCCCNCCOP(=O)(O)OCCCCCC,85,3.69
CCCCCCCCCCCCCCNCCOP(=O)(O)OCCCCCCC,95,3.69
CCCCCCCCCCCCCCNCCOP(=O)(O)OCCCCCCCC,95,3.69
CCCCCCCCCCCCCCNCCOP(=O)(O)OCCCCCCCCC,95,4.69
CCCCCCCCCCCCCCNCCOP(=O)(O)OCCCCCCCCCC,85,4.69
CCCCCCCCCCCCCCNCCOP(=O)(O)OCCCCCCCCCCC,95,4.69
CCCCCCCCCCCCCCNCCOP(=O)(O)OCCCCCCCCCCCC,95,3.69
CCCCCCCCCCCCCCNCCOP(=O)(O)OCCCCCCCCCCCCC,95,4.69
CCCCCCCCCCCCCCNCCOP(=O)(O)OCCCCCCCCCCCCCC,95,4.69
CCCCCCCCCCCCCCCOP(=O)(O)OCCNCCCCCCCCCCCCCC,95,3.69
CCCCCCCCCCCCCCCCOP(=O)(O)OCCNCCCCCCCCCCCCCC,95,3.69
CCCCOP(=O)(O)OCCN(CCCC)CCCC,95,3.69
CCCCCOP(=O)(O)OCCN(CCCC)CCCC,95,3.69
CCCCCCOP(=O)(O)OCCN(CCCC)CCCC,85,3.69
CCCCCCCOP(=O)(O)OCCN(CCCC)CCCC,95,3.69
CCCCCCCCOP(=O)(O)OCCN(CCCC)CCCC,95,3.69
CCCCCCCCCOP(=O)(O)OCCN(CCCC)CCCC,95,3.69
CCCCCCCCCCOP(=O)(O)OCCN(CCCC)CCCC,95,4.69
CCCCCCCCCCCOP(=O)(O)OCCN(CCCC)CCCC,95,4.69
CCCCCCCCCCCCOP(=O)(O)OCCN(CCCC)CCCC,95,3.69
CCCCCCCCCCCCCOP(=O)(O)OCCN(CCCC)CCCC,95,3.69
CCCCCCCCCCCCCCOP(=O)(O)OCCN(CCCC)CCCC,95,3.69
CCCCCCCCCCCCCCCOP(=O)(O)OCCN(CCCC)CCCC,95,3.69
CCCCCCCCCCCCCCCCOP(=O)(O)OCCN(CCCC)CCCC,95,3.69
CCCCCCN(CCCCCC)CCOP(=O)(O)OCCCC,95,3.69
CCCCCCN(CCCCCC)CCOP(=O)(O)OCCCCC,95,3.69
CCCCCCOP(=O)(O)OCCN(CCCCCC)CCCCCC,95,3.69
CCCCCCCOP(=O)(O)OCCN(CCCCCC)CCCCCC,95,3.69
CCCCCCCCOP(=O)(O)OCCN(CCCCCC)CCCCCC,95,3.69
CCCCCCCCCOP(=O)(O)OCCN(CCCCCC)CCCCCC,95,4.69
CCCCCCCCCCOP(=O)(O)OCCN(CCCCCC)CCCCCC,95,4.69
CCCCCCCCCCCOP(=O)(O)OCCN(CCCCCC)CCCCCC,95,4.69
CCCCCCCCCCCCOP(=O)(O)OCCN(CCCCCC)CCCCCC,95,4.69
CCCCCCCCCCCCCOP(=O)(O)OCCN(CCCCCC)CCCCCC,95,4.69
CCCCCCCCCCCCCCOP(=O)(O)OCCN(CCCCCC)CCCCCC,95,4.69
CCCCCCCCCCCCCCCOP(=O)(O)OCCN(CCCCCC)CCCCCC,95,3.69
CCCCCCCCCCCCCCCCOP(=O)(O)OCCN(CCCCCC)CCCCCC,95,4.69
CCCCCCCCN(CCCCCCCC)CCOP(=O)(O)OCCCC,95,3.69
CCCCCCCCN(CCCCCCCC)CCOP(=O)(O)OCCCCC,95,3.69
CCCCCCCCN(CCCCCCCC)CCOP(=O)(O)OCCCCCC,95,3.69
CCCCCCCCN(CCCCCCCC)CCOP(=O)(O)OCCCCCCC,95,4.69
CCCCCCCCOP(=O)(O)OCCN(CCCCCCCC)CCCCCCCC,95,3.69
CCCCCCCCCOP(=O)(O)OCCN(CCCCCCCC)CCCCCCCC,95,4.69
CCCCCCCCCCOP(=O)(O)OCCN(CCCCCCCC)CCCCCCCC,95,4.69
CCCCCCCCCCCOP(=O)(O)OCCN(CCCCCCCC)CCCCCCCC,95,5.69
CCCCCCCCCCCCOP(=O)(O)OCCN(CCCCCCCC)CCCCCCCC,95,4.69
CCCCCCCCCCCCCOP(=O)(O)OCCN(CCCCCCCC)CCCCCCCC,95,5.69
CCCCCCCCCCCCCCOP(=O)(O)OCCN(CCCCCCCC)CCCCCCCC,95,5.69
CCCCCCCCCCCCCCCOP(=O)(O)OCCN(CCCCCCCC)CCCCCCCC,95,5.69
CCCCCCCCCCCCCCCCOP(=O)(O)OCCN(CCCCCCCC)CCCCCCCC,95,5.69
CCCCCCCCCCN(CCCCCCCCCC)CCOP(=O)(O)OCCCC,95,4.69
CCCCCCCCCCN(CCCCCCCCCC)CCOP(=O)(O)OCCCCC,95,4.69
CCCCCCCCCCN(CCCCCCCCCC)CCOP(=O)(O)OCCCCCC,95,4.69
CCCCCCCCCCN(CCCCCCCCCC)CCOP(=O)(O)OCCCCCCC,95,4.69
CCCCCCCCCCN(CCCCCCCCCC)CCOP(=O)(O)OCCCCCCCC,95,3.69
CCCCCCCCCCN(CCCCCCCCCC)CCOP(=O)(O)OCCCCCCCCC,95,4.69
CCCCCCCCCCOP(=O)(O)OCCN(CCCCCCCCCC)CCCCCCCCCC,95,4.69
CCCCCCCCCCCOP(=O)(O)OCCN(CCCCCCCCCC)CCCCCCCCCC,95,5.69
CCCCCCCCCCCCOP(=O)(O)OCCN(CCCCCCCCCC)CCCCCCCCCC,95,4.69
CCCCCCCCCCCCCOP(=O)(O)OCCN(CCCCCCCCCC)CCCCCCCCCC,95,5.69
CCCCCCCCCCCCCCOP(=O)(O)OCCN(CCCCCCCCCC)CCCCCCCCCC,95,5.69
CCCCCCCCCCCCCCCOP(=O)(O)OCCN(CCCCCCCCCC)CCCCCCCCCC,95,5.69
CCCCCCCCCCCCCCCCOP(=O)(O)OCCN(CCCCCCCCCC)CCCCCCCCCC,95,4.69
CCCCCCCCCCCN(CCCCCCCCCCC)CCOP(=O)(O)OCCCC,95,4.69
CCCCCCCCCCCN(CCCCCCCCCCC)CCOP(=O)(O)OCCCCC,95,4.69
CCCCCCCCCCCN(CCCCCCCCCCC)CCOP(=O)(O)OCCCCCC,95,4.69
CCCCCCCCCCCN(CCCCCCCCCCC)CCOP(=O)(O)OCCCCCCC,95,4.69
CCCCCCCCCCCN(CCCCCCCCCCC)CCOP(=O)(O)OCCCCCCCC,95,3.69
CCCCCCCCCCCN(CCCCCCCCCCC)CCOP(=O)(O)OCCCCCCCCC,95,4.69
CCCCCCCCCCCN(CCCCCCCCCCC)CCOP(=O)(O)OCCCCCCCCCC,95,4.69
CCCCCCCCCCCOP(=O)(O)OCCN(CCCCCCCCCCC)CCCCCCCCCCC,95,4.69
CCCCCCCCCCCCOP(=O)(O)OCCN(CCCCCCCCCCC)CCCCCCCCCCC,95,4.69
CCCCCCCCCCCCCOP(=O)(O)OCCN(CCCCCCCCCCC)CCCCCCCCCCC,95,5.69
CCCCCCCCCCCCCCOP(=O)(O)OCCN(CCCCCCCCCCC)CCCCCCCCCCC,95,4.69
CCCCCCCCCCCCCCCOP(=O)(O)OCCN(CCCCCCCCCCC)CCCCCCCCCCC,95,4.69
CCCCCCCCCCCCCCCCOP(=O)(O)OCCN(CCCCCCCCCCC)CCCCCCCCCCC,95,4.69
CCCCCCCCCCCCN(CCCCCCCCCCCC)CCOP(=O)(O)OCCCC,95,4.69
CCCCCCCCCCCCN(CCCCCCCCCCCC)CCOP(=O)(O)OCCCCC,95,4.69
CCCCCCCCCCCCN(CCCCCCCCCCCC)CCOP(=O)(O)OCCCCCC,95,4.69
CCCCCCCCCCCCN(CCCCCCCCCCCC)CCOP(=O)(O)OCCCCCCC,95,4.69
CCCCCCCCCCCCN(CCCCCCCCCCCC)CCOP(=O)(O)OCCCCCCCC,95,4.69
CCCCCCCCCCCCN(CCCCCCCCCCCC)CCOP(=O)(O)OCCCCCCCCC,95,4.69
CCCCCCCCCCCCN(CCCCCCCCCCCC)CCOP(=O)(O)OCCCCCCCCCC,95,5.69
CCCCCCCCCCCCN(CCCCCCCCCCCC)CCOP(=O)(O)OCCCCCCCCCCC,95,5.69
CCCCCCCCCCCCOP(=O)(O)OCCN(CCCCCCCCCCCC)CCCCCCCCCCCC,95,4.69
CCCCCCCCCCCCCOP(=O)(O)OCCN(CCCCCCCCCCCC)CCCCCCCCCCCC,95,4.69
CCCCCCCCCCCCCCOP(=O)(O)OCCN(CCCCCCCCCCCC)CCCCCCCCCCCC,95,4.69
CCCCCCCCCCCCCCCOP(=O)(O)OCCN(CCCCCCCCCCCC)CCCCCCCCCCCC,85,3.69
CCCCCCCCCCCCCCCCOP(=O)(O)OCCN(CCCCCCCCCCCC)CCCCCCCCCCCC,95,4.69
CCCCCCCCCCCCCN(CCCCCCCCCCCCC)CCOP(=O)(O)OCCCC,95,3.69
CCCCCCCCCCCCCN(CCCCCCCCCCCCC)CCOP(=O)(O)OCCCCC,95,3.69
CCCCCCCCCCCCCN(CCCCCCCCCCCCC)CCOP(=O)(O)OCCCCCC,95,4.69
CCCCCCCCCCCCCN(CCCCCCCCCCCCC)CCOP(=O)(O)OCCCCCCC,95,3.69
CCCCCCCCCCCCCN(CCCCCCCCCCCCC)CCOP(=O)(O)OCCCCCCCC,95,3.69
CCCCCCCCCCCCCN(CCCCCCCCCCCCC)CCOP(=O)(O)OCCCCCCCCC,95,3.69
CCCCCCCCCCCCCN(CCCCCCCCCCCCC)CCOP(=O)(O)OCCCCCCCCCC,95,3.69
CCCCCCCCCCCCCN(CCCCCCCCCCCCC)CCOP(=O)(O)OCCCCCCCCCCC,95,4.69
CCCCCCCCCCCCCN(CCCCCCCCCCCCC)CCOP(=O)(O)OCCCCCCCCCCCC,95,3.69
CCCCCCCCCCCCCOP(=O)(O)OCCN(CCCCCCCCCCCCC)CCCCCCCCCCCCC,95,3.69
CCCCCCCCCCCCCCOP(=O)(O)OCCN(CCCCCCCCCCCCC)CCCCCCCCCCCCC,95,3.69
CCCCCCCCCCCCCCCOP(=O)(O)OCCN(CCCCCCCCCCCCC)CCCCCCCCCCCCC,95,3.69
CCCCCCCCCCCCCCCCOP(=O)(O)OCCN(CCCCCCCCCCCCC)CCCCCCCCCCCCC,95,3.69
CCCCOP(=O)(O)OCC[N+](CCCC)(CCCC)CCCC,95,3.69
CCCCCOP(=O)(O)OCC[N+](CCCC)(CCCC)CCCC,95,2.69
CCCCCCOP(=O)(O)OCC[N+](CCCC)(CCCC)CCCC,95,2.69
CCCCCCCOP(=O)(O)OCC[N+](CCCC)(CCCC)CCCC,95,2.69
CCCCCCCCOP(=O)(O)OCC[N+](CCCC)(CCCC)CCCC,95,2.69
CCCCCCCCCOP(=O)(O)OCC[N+](CCCC)(CCCC)CCCC,95,3.69
CCCCCCCCCCOP(=O)(O)OCC[N+](CCCC)(CCCC)CCCC,95,4.69
CCCCCCCCCCCOP(=O)(O)OCC[N+](CCCC)(CCCC)CCCC,95,4.69
CCCCCCCCCCCCOP(=O)(O)OCC[N+](CCCC)(CCCC)CCCC,95,4.69
CCCCCCCCCCCCCOP(=O)(O)OCC[N+](CCCC)(CCCC)CCCC,95,4.69
CCCCCCCCCCCCCCOP(=O)(O)OCC[N+](CCCC)(CCCC)CCCC,95,3.69
CCCCCCCCCCCCCCCOP(=O)(O)OCC[N+](CCCC)(CCCC)CCCC,95,3.69
CCCCCCCCCCCCCCCCOP(=O)(O)OCC[N+](CCCC)(CCCC)CCCC,95,3.69
CCCCCC[N+](CCCCCC)(CCCCCC)CCOP(=O)(O)OCCCC,95,2.69
CCCCCC[N+](CCCCCC)(CCCCCC)CCOP(=O)(O)OCCCCC,95,2.69
CCCCCCOP(=O)(O)OCC[N+](CCCCCC)(CCCCCC)CCCCCC,95,2.69
CCCCCCCOP(=O)(O)OCC[N+](CCCCCC)(CCCCCC)CCCCCC,95,2.69
CCCCCCCCOP(=O)(O)OCC[N+](CCCCCC)(CCCCCC)CCCCCC,95,3.69
CCCCCCCCCOP(=O)(O)OCC[N+](CCCCCC)(CCCCCC)CCCCCC,95,3.69
CCCCCCCCCCOP(=O)(O)OCC[N+](CCCCCC)(CCCCCC)CCCCCC,95,3.69
CCCCCCCCCCCOP(=O)(O)OCC[N+](CCCCCC)(CCCCCC)CCCCCC,95,3.69
CCCCCCCCCCCCOP(=O)(O)OCC[N+](CCCCCC)(CCCCCC)CCCCCC,95,4.69
CCCCCCCCCCCCCOP(=O)(O)OCC[N+](CCCCCC)(CCCCCC)CCCCCC,95,4.69
CCCCCCCCCCCCCCOP(=O)(O)OCC[N+](CCCCCC)(CCCCCC)CCCCCC,95,4.69
CCCCCCCCCCCCCCCOP(=O)(O)OCC[N+](CCCCCC)(CCCCCC)CCCCCC,95,3.69
CCCCCCCCCCCCCCCCOP(=O)(O)OCC[N+](CCCCCC)(CCCCCC)CCCCCC,95,3.69
CCCCCCCC[N+](CCCCCCCC)(CCCCCCCC)CCOP(=O)(O)OCCCC,95,3.69
CCCCCCCC[N+](CCCCCCCC)(CCCCCCCC)CCOP(=O)(O)OCCCCC,95,2.69
CCCCCCCC[N+](CCCCCCCC)(CCCCCCCC)CCOP(=O)(O)OCCCCCC,95,3.69
CCCCCCCC[N+](CCCCCCCC)(CCCCCCCC)CCOP(=O)(O)OCCCCCCC,95,3.69
CCCCCCCCOP(=O)(O)OCC[N+](CCCCCCCC)(CCCCCCCC)CCCCCCCC,95,3.69
CCCCCCCCCOP(=O)(O)OCC[N+](CCCCCCCC)(CCCCCCCC)CCCCCCCC,95,4.69
CCCCCCCCCCOP(=O)(O)OCC[N+](CCCCCCCC)(CCCCCCCC)CCCCCCCC,95,4.69
CCCCCCCCCCCOP(=O)(O)OCC[N+](CCCCCCCC)(CCCCCCCC)CCCCCCCC,95,4.69
CCCCCCCCCCCCOP(=O)(O)OCC[N+](CCCCCCCC)(CCCCCCCC)CCCCCCCC,95,3.69
CCCCCCCCCCCCCOP(=O)(O)OCC[N+](CCCCCCCC)(CCCCCCCC)CCCCCCCC,95,4.69
CCCCCCCCCCCCCCOP(=O)(O)OCC[N+](CCCCCCCC)(CCCCCCCC)CCCCCCCC,95,4.69
CCCCCCCCCCCCCCCOP(=O)(O)OCC[N+](CCCCCCCC)(CCCCCCCC)CCCCCCCC,95,3.69
CCCCCCCCCCCCCCCCOP(=O)(O)OCC[N+](CCCCCCCC)(CCCCCCCC)CCCCCCCC,95,3.69
CCCCCCCCCC[N+](CCCCCCCCCC)(CCCCCCCCCC)CCOP(=O)(O)OCCCC,95,3.69
CCCCCCCCCC[N+](CCCCCCCCCC)(CCCCCCCCCC)CCOP(=O)(O)OCCCCC,95,2.69
CCCCCCCCCC[N+](CCCCCCCCCC)(CCCCCCCCCC)CCOP(=O)(O)OCCCCCC,95,2.69
CCCCCCCCCC[N+](CCCCCCCCCC)(CCCCCCCCCC)CCOP(=O)(O)OCCCCCCC,95,3.69
CCCCCCCCCC[N+](CCCCCCCCCC)(CCCCCCCCCC)CCOP(=O)(O)OCCCCCCCC,95,3.69
CCCCCCCCCC[N+](CCCCCCCCCC)(CCCCCCCCCC)CCOP(=O)(O)OCCCCCCCCC,95,3.69
CCCCCCCCCCOP(=O)(O)OCC[N+](CCCCCCCCCC)(CCCCCCCCCC)CCCCCCCCCC,95,4.69
CCCCCCCCCCCOP(=O)(O)OCC[N+](CCCCCCCCCC)(CCCCCCCCCC)CCCCCCCCCC,95,3.69
CCCCCCCCCCCCOP(=O)(O)OCC[N+](CCCCCCCCCC)(CCCCCCCCCC)CCCCCCCCCC,95,3.69
CCCCCCCCCCCCCOP(=O)(O)OCC[N+](CCCCCCCCCC)(CCCCCCCCCC)CCCCCCCCCC,95,3.69
CCCCCCCCCCCCCCOP(=O)(O)OCC[N+](CCCCCCCCCC)(CCCCCCCCCC)CCCCCCCCCC,95,3.69
CCCCCCCCCCCCCCCOP(=O)(O)OCC[N+](CCCCCCCCCC)(CCCCCCCCCC)CCCCCCCCCC,95,3.69
CCCCCCCCCCCCCCCCOP(=O)(O)OCC[N+](CCCCCCCCCC)(CCCCCCCCCC)CCCCCCCCCC,95,3.69
CCCCCCCCCCCC[N+](CCCCCCCCCCCC)(CCCCCCCCCCCC)CCOP(=O)(O)OCCCC,95,2.69
CCCCCCCCCCCC[N+](CCCCCCCCCCCC)(CCCCCCCCCCCC)CCOP(=O)(O)OCCCCC,95,2.69
CCCCCCCCCCCC[N+](CCCCCCCCCCCC)(CCCCCCCCCCCC)CCOP(=O)(O)OCCCCCC,95,2.69
CCCCCCCCCCCC[N+](CCCCCCCCCCCC)(CCCCCCCCCCCC)CCOP(=O)(O)OCCCCCCC,95,2.69
CCCCCCCCCCCC[N+](CCCCCCCCCCCC)(CCCCCCCCCCCC)CCOP(=O)(O)OCCCCCCCC,95,3.69
CCCCCCCCCCCC[N+](CCCCCCCCCCCC)(CCCCCCCCCCCC)CCOP(=O)(O)OCCCCCCCCC,95,4.69
CCCCCCCCCCCC[N+](CCCCCCCCCCCC)(CCCCCCCCCCCC)CCOP(=O)(O)OCCCCCCCCCC,95,4.69
CCCCCCCCCCCC[N+](CCCCCCCCCCCC)(CCCCCCCCCCCC)CCOP(=O)(O)OCCCCCCCCCCC,95,4.69
CCCCCCCCCCCCOP(=O)(O)OCC[N+](CCCCCCCCCCCC)(CCCCCCCCCCCC)CCCCCCCCCCCC,95,3.69
CCCCCCCCCCCCCOP(=O)(O)OCC[N+](CCCCCCCCCCCC)(CCCCCCCCCCCC)CCCCCCCCCCCC,95,4.69
CCCCCCCCCCCCCCOP(=O)(O)OCC[N+](CCCCCCCCCCCC)(CCCCCCCCCCCC)CCCCCCCCCCCC,95,4.69
CCCCCCCCCCCCCCCOP(=O)(O)OCC[N+](CCCCCCCCCCCC)(CCCCCCCCCCCC)CCCCCCCCCCCC,95,3.69
CCCCCCCCCCCCCCCCOP(=O)(O)OCC[N+](CCCCCCCCCCCC)(CCCCCCCCCCCC)CCCCCCCCCCCC,95,3.69
CCCCOP(=O)(O)OCCNCCOCCOCCNCCOP(=O)(O)OCCCC,95,3.69
CCCCCOP(=O)(O)OCCNCCOCCOCCNCCOP(=O)(O)OCCCCC,95,2.69
CCCCCCOP(=O)(O)OCCNCCOCCOCCNCCOP(=O)(O)OCCCCCC,95,3.69
CCCCCCCOP(=O)(O)OCCNCCOCCOCCNCCOP(=O)(O)OCCCCCCC,95,2.69
CCCCCCCCOP(=O)(O)OCCNCCOCCOCCNCCOP(=O)(O)OCCCCCCCC,95,3.69
CCCCCCCCCOP(=O)(O)OCCNCCOCCOCCNCCOP(=O)(O)OCCCCCCCCC,95,4.69
CCCCCCCCCCOP(=O)(O)OCCNCCOCCOCCNCCOP(=O)(O)OCCCCCCCCCC,95,3.69
CCCCCCCCCCCOP(=O)(O)OCCNCCOCCOCCNCCOP(=O)(O)OCCCCCCCCCCC,85,2.69
CCCCCCCCCCCCOP(=O)(O)OCCNCCOCCOCCNCCOP(=O)(O)OCCCCCCCCCCCC,95,2.69
CCCCCCCCCCCCCOP(=O)(O)OCCNCCOCCOCCNCCOP(=O)(O)OCCCCCCCCCCCCC,95,3.69
CCCCCCCCCCCCCCOP(=O)(O)OCCNCCOCCOCCNCCOP(=O)(O)OCCCCCCCCCCCCCC,95,3.69
CCCCCCCCCCCCCCCOP(=O)(O)OCCNCCOCCOCCNCCOP(=O)(O)OCCCCCCCCCCCCCCC,95,2.69
CCCCCCCCCCCCCCCCOP(=O)(O)OCCNCCOCCOCCNCCOP(=O)(O)OCCCCCCCCCCCCCCCC,95,2.69
CCCCOP(=O)(O)OCCNCCN1CCN(CCOP(=O)(O)OCCCC)CC1,95,3.69
CCCCCOP(=O)(O)OCCNCCN1CCN(CCOP(=O)(O)OCCCCC)CC1,95,2.69
CCCCCCOP(=O)(O)OCCNCCN1CCN(CCOP(=O)(O)OCCCCCC)CC1,95,3.69
CCCCCCCOP(=O)(O)OCCNCCN1CCN(CCOP(=O)(O)OCCCCCCC)CC1,95,3.69
CCCCCCCCOP(=O)(O)OCCNCCN1CCN(CCOP(=O)(O)OCCCCCCCC)CC1,95,2.69
CCCCCCCCCOP(=O)(O)OCCNCCN1CCN(CCOP(=O)(O)OCCCCCCCCC)CC1,95,3.69
CCCCCCCCCCOP(=O)(O)OCCNCCN1CCN(CCOP(=O)(O)OCCCCCCCCCC)CC1,95,3.69
CCCCCCCCCCCOP(=O)(O)OCCNCCN1CCN(CCOP(=O)(O)OCCCCCCCCCCC)CC1,85,2.69
CCCCCCCCCCCCOP(=O)(O)OCCNCCN1CCN(CCOP(=O)(O)OCCCCCCCCCCCC)CC1,95,3.69
CCCCCCCCCCCCCOP(=O)(O)OCCNCCN1CCN(CCOP(=O)(O)OCCCCCCCCCCCCC)CC1,95,3.69
CCCCCCCCCCCCCCOP(=O)(O)OCCNCCN1CCN(CCOP(=O)(O)OCCCCCCCCCCCCCC)CC1,95,2.69
CCCCCCCCCCCCCCCOP(=O)(O)OCCNCCN1CCN(CCOP(=O)(O)OCCCCCCCCCCCCCCC)CC1,95,3.69
CCCCCCCCCCCCCCCCOP(=O)(O)OCCNCCN1CCN(CCOP(=O)(O)OCCCCCCCCCCCCCCCC)CC1,95,2.69
CCCCOP(=O)(O)OCCNCCCN(CCCN(C)C)CCOP(=O)(O)OCCCC,95,3.69
CCCCCOP(=O)(O)OCCNCCCN(CCCN(C)C)CCOP(=O)(O)OCCCCC,95,2.69
CCCCCCOP(=O)(O)OCCNCCCN(CCCN(C)C)CCOP(=O)(O)OCCCCCC,95,3.69
CCCCCCCOP(=O)(O)OCCNCCCN(CCCN(C)C)CCOP(=O)(O)OCCCCCCC,95,3.69
CCCCCCCCOP(=O)(O)OCCNCCCN(CCCN(C)C)CCOP(=O)(O)OCCCCCCCC,95,2.69
CCCCCCCCCOP(=O)(O)OCCNCCCN(CCCN(C)C)CCOP(=O)(O)OCCCCCCCCC,95,3.69
CCCCCCCCCCOP(=O)(O)OCCNCCCN(CCCN(C)C)CCOP(=O)(O)OCCCCCCCCCC,95,3.69
CCCCCCCCCCCOP(=O)(O)OCCNCCCN(CCCN(C)C)CCOP(=O)(O)OCCCCCCCCCCC,85,2.69
CCCCCCCCCCCCOP(=O)(O)OCCNCCCN(CCCN(C)C)CCOP(=O)(O)OCCCCCCCCCCCC,95,3.69
CCCCCCCCCCCCCOP(=O)(O)OCCNCCCN(CCCN(C)C)CCOP(=O)(O)OCCCCCCCCCCCCC,95,3.69
CCCCCCCCCCCCCCOP(=O)(O)OCCNCCCN(CCCN(C)C)CCOP(=O)(O)OCCCCCCCCCCCCCC,95,3.69
CCCCCCCCCCCCCCCOP(=O)(O)OCCNCCCN(CCCN(C)C)CCOP(=O)(O)OCCCCCCCCCCCCCCC,95,2.69
CCCCCCCCCCCCCCCCOP(=O)(O)OCCNCCCN(CCCN(C)C)CCOP(=O)(O)OCCCCCCCCCCCCCCCC,95,2.69
CCCCOP(=O)(O)OCCNCCCN(C)CCCNCCOP(=O)(O)OCCCC,95,3.69
CCCCCOP(=O)(O)OCCNCCCN(C)CCCNCCOP(=O)(O)OCCCCC,95,2.69
CCCCCCOP(=O)(O)OCCNCCCN(C)CCCNCCOP(=O)(O)OCCCCCC,95,3.69
CCCCCCCOP(=O)(O)OCCNCCCN(C)CCCNCCOP(=O)(O)OCCCCCCC,95,2.69
CCCCCCCCOP(=O)(O)OCCNCCCN(C)CCCNCCOP(=O)(O)OCCCCCCCC,95,3.69
CCCCCCCCCOP(=O)(O)OCCNCCCN(C)CCCNCCOP(=O)(O)OCCCCCCCCC,95,3.69
CCCCCCCCCCOP(=O)(O)OCCNCCCN(C)CCCNCCOP(=O)(O)OCCCCCCCCCC,95,3.69
CCCCCCCCCCCOP(=O)(O)OCCNCCCN(C)CCCNCCOP(=O)(O)OCCCCCCCCCCC,85,2.69
CCCCCCCCCCCCOP(=O)(O)OCCNCCCN(C)CCCNCCOP(=O)(O)OCCCCCCCCCCCC,95,2.69
CCCCCCCCCCCCCOP(=O)(O)OCCNCCCN(C)CCCNCCOP(=O)(O)OCCCCCCCCCCCCC,95,3.69
CCCCCCCCCCCCCCOP(=O)(O)OCCNCCCN(C)CCCNCCOP(=O)(O)OCCCCCCCCCCCCCC,95,3.69
CCCCCCCCCCCCCCCOP(=O)(O)OCCNCCCN(C)CCCNCCOP(=O)(O)OCCCCCCCCCCCCCCC,95,2.69
CCCCCCCCCCCCCCCCOP(=O)(O)OCCNCCCN(C)CCCNCCOP(=O)(O)OCCCCCCCCCCCCCCCC,95,2.69
CCCCOP(=O)(O)OCCNCCCN1CCN(CCCNCCOP(=O)(O)OCCCC)CC1,95,3.69
CCCCCOP(=O)(O)OCCNCCCN1CCN(CCCNCCOP(=O)(O)OCCCCC)CC1,95,2.69
CCCCCCOP(=O)(O)OCCNCCCN1CCN(CCCNCCOP(=O)(O)OCCCCCC)CC1,95,3.69
CCCCCCCOP(=O)(O)OCCNCCCN1CCN(CCCNCCOP(=O)(O)OCCCCCCC)CC1,95,2.69
CCCCCCCCOP(=O)(O)OCCNCCCN1CCN(CCCNCCOP(=O)(O)OCCCCCCCC)CC1,95,3.69
CCCCCCCCCOP(=O)(O)OCCNCCCN1CCN(CCCNCCOP(=O)(O)OCCCCCCCCC)CC1,95,4.69
CCCCCCCCCCOP(=O)(O)OCCNCCCN1CCN(CCCNCCOP(=O)(O)OCCCCCCCCCC)CC1,95,4.69
CCCCCCCCCCCOP(=O)(O)OCCNCCCN1CCN(CCCNCCOP(=O)(O)OCCCCCCCCCCC)CC1,85,2.69
CCCCCCCCCCCCOP(=O)(O)OCCNCCCN1CCN(CCCNCCOP(=O)(O)OCCCCCCCCCCCC)CC1,95,3.69
CCCCCCCCCCCCCOP(=O)(O)OCCNCCCN1CCN(CCCNCCOP(=O)(O)OCCCCCCCCCCCCC)CC1,95,3.69
CCCCCCCCCCCCCCOP(=O)(O)OCCNCCCN1CCN(CCCNCCOP(=O)(O)OCCCCCCCCCCCCCC)CC1,95,3.69
CCCCCCCCCCCCCCCOP(=O)(O)OCCNCCCN1CCN(CCCNCCOP(=O)(O)OCCCCCCCCCCCCCCC)CC1,95,2.69
CCCCCCCCCCCCCCCCOP(=O)(O)OCCNCCCN1CCN(CCCNCCOP(=O)(O)OCCCCCCCCCCCCCCCC)CC1,95,2.69
CCCCOP(=O)(O)OCCNCCNCCNCCNCCOP(=O)(O)OCCCC,95,3.69
CCCCCOP(=O)(O)OCCNCCNCCNCCNCCOP(=O)(O)OCCCCC,95,3.69
CCCCCCOP(=O)(O)OCCNCCNCCNCCNCCOP(=O)(O)OCCCCCC,95,3.69
CCCCCCCOP(=O)(O)OCCNCCNCCNCCNCCOP(=O)(O)OCCCCCCC,95,3.69
CCCCCCCCOP(=O)(O)OCCNCCNCCNCCNCCOP(=O)(O)OCCCCCCCC,95,3.69
CCCCCCCCCOP(=O)(O)OCCNCCNCCNCCNCCOP(=O)(O)OCCCCCCCCC,95,3.69
CCCCCCCCCCOP(=O)(O)OCCNCCNCCNCCNCCOP(=O)(O)OCCCCCCCCCC,95,3.69
CCCCCCCCCCCOP(=O)(O)OCCNCCNCCNCCNCCOP(=O)(O)OCCCCCCCCCCC,95,3.69
CCCCCCCCCCCCOP(=O)(O)OCCNCCNCCNCCNCCOP(=O)(O)OCCCCCCCCCCCC,95,3.69
CCCCCCCCCCCCCOP(=O)(O)OCCNCCNCCNCCNCCOP(=O)(O)OCCCCCCCCCCCCC,95,3.69
CCCCCCCCCCCCCCOP(=O)(O)OCCNCCNCCNCCNCCOP(=O)(O)OCCCCCCCCCCCCCC,95,3.69
CCCCCCCCCCCCCCCOP(=O)(O)OCCNCCNCCNCCNCCOP(=O)(O)OCCCCCCCCCCCCCCC,95,2.69
CCCCCCCCCCCCCCCCOP(=O)(O)OCCNCCNCCNCCNCCOP(=O)(O)OCCCCCCCCCCCCCCCC,95,2.69
CCCCOP(=O)(O)OCCNCCCNCCCCNCCCNCCOP(=O)(O)OCCCC,95,3.69
CCCCCOP(=O)(O)OCCNCCCNCCCCNCCCNCCOP(=O)(O)OCCCCC,95,3.69
CCCCCCOP(=O)(O)OCCNCCCNCCCCNCCCNCCOP(=O)(O)OCCCCCC,95,3.69
CCCCCCCOP(=O)(O)OCCNCCCNCCCCNCCCNCCOP(=O)(O)OCCCCCCC,95,3.69
CCCCCCCCOP(=O)(O)OCCNCCCNCCCCNCCCNCCOP(=O)(O)OCCCCCCCC,95,3.69
CCCCCCCCCOP(=O)(O)OCCNCCCNCCCCNCCCNCCOP(=O)(O)OCCCCCCCCC,95,3.69
CCCCCCCCCCOP(=O)(O)OCCNCCCNCCCCNCCCNCCOP(=O)(O)OCCCCCCCCCC,95,2.69
CCCCCCCCCCCOP(=O)(O)OCCNCCCNCCCCNCCCNCCOP(=O)(O)OCCCCCCCCCCC,95,2.69
CCCCCCCCCCCCOP(=O)(O)OCCNCCCNCCCCNCCCNCCOP(=O)(O)OCCCCCCCCCCCC,95,2.69
CCCCCCCCCCCCCOP(=O)(O)OCCNCCCNCCCCNCCCNCCOP(=O)(O)OCCCCCCCCCCCCC,95,2.69
CCCCCCCCCCCCCCOP(=O)(O)OCCNCCCNCCCCNCCCNCCOP(=O)(O)OCCCCCCCCCCCCCC,95,2.69
CCCCCCCCCCCCCCCOP(=O)(O)OCCNCCCNCCCCNCCCNCCOP(=O)(O)OCCCCCCCCCCCCCCC,95,2.69
CCCCCCCCCCCCCCCCOP(=O)(O)OCCNCCCNCCCCNCCCNCCOP(=O)(O)OCCCCCCCCCCCCCCCC,95,2.69
CCCCOP(=O)(O)OCCN(C)CCN(CCNC)CCN(C)CCOP(=O)(O)OCCCC,95,3.69
CCCCCOP(=O)(O)OCCN(C)CCN(CCNC)CCN(C)CCOP(=O)(O)OCCCCC,95,2.69
CCCCCCOP(=O)(O)OCCN(C)CCN(CCNC)CCN(C)CCOP(=O)(O)OCCCCCC,95,3.69
CCCCCCCOP(=O)(O)OCCN(C)CCN(CCNC)CCN(C)CCOP(=O)(O)OCCCCCCC,95,3.69
CCCCCCCCOP(=O)(O)OCCN(C)CCN(CCNC)CCN(C)CCOP(=O)(O)OCCCCCCCC,95,2.69
CCCCCCCCCOP(=O)(O)OCCN(C)CCN(CCNC)CCN(C)CCOP(=O)(O)OCCCCCCCCC,95,2.69
CCCCCCCCCCOP(=O)(O)OCCN(C)CCN(CCNC)CCN(C)CCOP(=O)(O)OCCCCCCCCCC,95,3.69
CCCCCCCCCCCOP(=O)(O)OCCN(C)CCN(CCNC)CCN(C)CCOP(=O)(O)OCCCCCCCCCCC,95,3.69
CCCCCCCCCCCCOP(=O)(O)OCCN(C)CCN(CCNC)CCN(C)CCOP(=O)(O)OCCCCCCCCCCCC,95,3.69
CCCCCCCCCCCCCOP(=O)(O)OCCN(C)CCN(CCNC)CCN(C)CCOP(=O)(O)OCCCCCCCCCCCCC,95,2.69
CCCCCCCCCCCCCCOP(=O)(O)OCCN(C)CCN(CCNC)CCN(C)CCOP(=O)(O)OCCCCCCCCCCCCCC,95,2.69
CCCCCCCCCCCCCCCOP(=O)(O)OCCN(C)CCN(CCNC)CCN(C)CCOP(=O)(O)OCCCCCCCCCCCCCCC,95,3.69
CCCCCCCCCCCCCCCCOP(=O)(O)OCCN(C)CCN(CCNC)CCN(C)CCOP(=O)(O)OCCCCCCCCCCCCCCCC,95,2.69
CCCCOP(=O)(O)OCCNCCN(CCN)CCNCCOP(=O)(O)OCCCC,95,3.69
CCCCCOP(=O)(O)OCCNCCN(CCN)CCNCCOP(=O)(O)OCCCCC,95,2.69
CCCCCCOP(=O)(O)OCCNCCN(CCN)CCNCCOP(=O)(O)OCCCCCC,95,3.69
CCCCCCCOP(=O)(O)OCCNCCN(CCN)CCNCCOP(=O)(O)OCCCCCCC,95,3.69
CCCCCCCCOP(=O)(O)OCCNCCN(CCN)CCNCCOP(=O)(O)OCCCCCCCC,95,2.69
CCCCCCCCCOP(=O)(O)OCCNCCN(CCN)CCNCCOP(=O)(O)OCCCCCCCCC,95,3.69
CCCCCCCCCCOP(=O)(O)OCCNCCN(CCN)CCNCCOP(=O)(O)OCCCCCCCCCC,95,4.69
CCCCCCCCCCCOP(=O)(O)OCCNCCN(CCN)CCNCCOP(=O)(O)OCCCCCCCCCCC,95,3.69
CCCCCCCCCCCCOP(=O)(O)OCCNCCN(CCN)CCNCCOP(=O)(O)OCCCCCCCCCCCC,95,3.69
CCCCCCCCCCCCCOP(=O)(O)OCCNCCN(CCN)CCNCCOP(=O)(O)OCCCCCCCCCCCCC,95,2.69
CCCCCCCCCCCCCCOP(=O)(O)OCCNCCN(CCN)CCNCCOP(=O)(O)OCCCCCCCCCCCCCC,95,2.69
CCCCCCCCCCCCCCCOP(=O)(O)OCCNCCN(CCN)CCNCCOP(=O)(O)OCCCCCCCCCCCCCCC,95,3.69
CCCCCCCCCCCCCCCCOP(=O)(O)OCCNCCN(CCN)CCNCCOP(=O)(O)OCCCCCCCCCCCCCCCC,95,2.69
CCCCOP(=O)(O)OCCNCCNCCNCCNCCNCCOP(=O)(O)OCCCC,95,3.69
CCCCCOP(=O)(O)OCCNCCNCCNCCNCCNCCOP(=O)(O)OCCCCC,95,2.69
CCCCCCOP(=O)(O)OCCNCCNCCNCCNCCNCCOP(=O)(O)OCCCCCC,95,3.69
CCCCCCCOP(=O)(O)OCCNCCNCCNCCNCCNCCOP(=O)(O)OCCCCCCC,95,3.69
CCCCCCCCOP(=O)(O)OCCNCCNCCNCCNCCNCCOP(=O)(O)OCCCCCCCC,95,3.69
CCCCCCCCCOP(=O)(O)OCCNCCNCCNCCNCCNCCOP(=O)(O)OCCCCCCCCC,95,3.69
CCCCCCCCCCOP(=O)(O)OCCNCCNCCNCCNCCNCCOP(=O)(O)OCCCCCCCCCC,95,4.69
CCCCCCCCCCCOP(=O)(O)OCCNCCNCCNCCNCCNCCOP(=O)(O)OCCCCCCCCCCC,95,3.69
CCCCCCCCCCCCOP(=O)(O)OCCNCCNCCNCCNCCNCCOP(=O)(O)OCCCCCCCCCCCC,95,3.69
CCCCCCCCCCCCCOP(=O)(O)OCCNCCNCCNCCNCCNCCOP(=O)(O)OCCCCCCCCCCCCC,95,2.69
CCCCCCCCCCCCCCOP(=O)(O)OCCNCCNCCNCCNCCNCCOP(=O)(O)OCCCCCCCCCCCCCC,95,2.69
CCCCCCCCCCCCCCCOP(=O)(O)OCCNCCNCCNCCNCCNCCOP(=O)(O)OCCCCCCCCCCCCCCC,95,2.69
CCCCCCCCCCCCCCCCOP(=O)(O)OCCNCCNCCNCCNCCNCCOP(=O)(O)OCCCCCCCCCCCCCCCC,95,2.69
CCCCOP(=O)(O)OCCN(CCOP(=O)(O)OCCCC)CCN1CCN(CCOP(=O)(O)OCCCC)CC1,95,3.69
CCCCCOP(=O)(O)OCCN(CCOP(=O)(O)OCCCCC)CCN1CCN(CCOP(=O)(O)OCCCCC)CC1,95,2.69
CCCCCCOP(=O)(O)OCCN(CCOP(=O)(O)OCCCCCC)CCN1CCN(CCOP(=O)(O)OCCCCCC)CC1,95,2.69
CCCCCCCOP(=O)(O)OCCN(CCOP(=O)(O)OCCCCCCC)CCN1CCN(CCOP(=O)(O)OCCCCCCC)CC1,95,2.69
CCCCCCCCOP(=O)(O)OCCN(CCOP(=O)(O)OCCCCCCCC)CCN1CCN(CCOP(=O)(O)OCCCCCCCC)CC1,95,2.69
CCCCCCCCCOP(=O)(O)OCCN(CCOP(=O)(O)OCCCCCCCCC)CCN1CCN(CCOP(=O)(O)OCCCCCCCCC)CC1,95,3.69
CCCCCCCCCCOP(=O)(O)OCCN(CCOP(=O)(O)OCCCCCCCCCC)CCN1CCN(CCOP(=O)(O)OCCCCCCCCCC)CC1,95,2.69
CCCCCCCCCCCOP(=O)(O)OCCN(CCOP(=O)(O)OCCCCCCCCCCC)CCN1CCN(CCOP(=O)(O)OCCCCCCCCCCC)CC1,95,2.69
CCCCCCCCCCCCOP(=O)(O)OCCN(CCOP(=O)(O)OCCCCCCCCCCCC)CCN1CCN(CCOP(=O)(O)OCCCCCCCCCCCC)CC1,95,2.69
CCCCCCCCCCCCCOP(=O)(O)OCCN(CCOP(=O)(O)OCCCCCCCCCCCCC)CCN1CCN(CCOP(=O)(O)OCCCCCCCCCCCCC)CC1,95,2.69
CCCCCCCCCCCCCCOP(=O)(O)OCCN(CCOP(=O)(O)OCCCCCCCCCCCCCC)CCN1CCN(CCOP(=O)(O)OCCCCCCCCCCCCCC)CC1,95,2.69
CCCCCCCCCCCCCCCOP(=O)(O)OCCN(CCOP(=O)(O)OCCCCCCCCCCCCCCC)CCN1CCN(CCOP(=O)(O)OCCCCCCCCCCCCCCC)CC1,95,2.69
CCCCCCCCCCCCCCCCOP(=O)(O)OCCN(CCOP(=O)(O)OCCCCCCCCCCCCCCCC)CCN1CCN(CCOP(=O)(O)OCCCCCCCCCCCCCCCC)CC1,95,2.69
CCCCOP(=O)(O)OCCN(CCCN(C)C)CCCN(CCOP(=O)(O)OCCCC)CCOP(=O)(O)OCCCC,95,3.69
CCCCCOP(=O)(O)OCCN(CCCN(C)C)CCCN(CCOP(=O)(O)OCCCCC)CCOP(=O)(O)OCCCCC,95,2.69
CCCCCCOP(=O)(O)OCCN(CCCN(C)C)CCCN(CCOP(=O)(O)OCCCCCC)CCOP(=O)(O)OCCCCCC,95,3.69
CCCCCCCOP(=O)(O)OCCN(CCCN(C)C)CCCN(CCOP(=O)(O)OCCCCCCC)CCOP(=O)(O)OCCCCCCC,95,3.69
CCCCCCCCOP(=O)(O)OCCN(CCCN(C)C)CCCN(CCOP(=O)(O)OCCCCCCCC)CCOP(=O)(O)OCCCCCCCC,95,2.69
CCCCCCCCCOP(=O)(O)OCCN(CCCN(C)C)CCCN(CCOP(=O)(O)OCCCCCCCCC)CCOP(=O)(O)OCCCCCCCCC,95,3.69
CCCCCCCCCCOP(=O)(O)OCCN(CCCN(C)C)CCCN(CCOP(=O)(O)OCCCCCCCCCC)CCOP(=O)(O)OCCCCCCCCCC,95,3.69
CCCCCCCCCCCOP(=O)(O)OCCN(CCCN(C)C)CCCN(CCOP(=O)(O)OCCCCCCCCCCC)CCOP(=O)(O)OCCCCCCCCCCC,95,2.69
CCCCCCCCCCCCOP(=O)(O)OCCN(CCCN(C)C)CCCN(CCOP(=O)(O)OCCCCCCCCCCCC)CCOP(=O)(O)OCCCCCCCCCCCC,95,3.69
CCCCCCCCCCCCCOP(=O)(O)OCCN(CCCN(C)C)CCCN(CCOP(=O)(O)OCCCCCCCCCCCCC)CCOP(=O)(O)OCCCCCCCCCCCCC,95,2.69
CCCCCCCCCCCCCCOP(=O)(O)OCCN(CCCN(C)C)CCCN(CCOP(=O)(O)OCCCCCCCCCCCCCC)CCOP(=O)(O)OCCCCCCCCCCCCCC,95,2.69
CCCCCCCCCCCCCCCOP(=O)(O)OCCN(CCCN(C)C)CCCN(CCOP(=O)(O)OCCCCCCCCCCCCCCC)CCOP(=O)(O)OCCCCCCCCCCCCCCC,95,2.69
CCCCCCCCCCCCCCCCOP(=O)(O)OCCN(CCCN(C)C)CCCN(CCOP(=O)(O)OCCCCCCCCCCCCCCCC)CCOP(=O)(O)OCCCCCCCCCCCCCCCC,95,2.69
CCCCOP(=O)(O)OCCNCCCN(C)CCCN(CCOP(=O)(O)OCCCC)CCOP(=O)(O)OCCCC,95,3.69
CCCCCOP(=O)(O)OCCNCCCN(C)CCCN(CCOP(=O)(O)OCCCCC)CCOP(=O)(O)OCCCCC,95,3.69
CCCCCCOP(=O)(O)OCCNCCCN(C)CCCN(CCOP(=O)(O)OCCCCCC)CCOP(=O)(O)OCCCCCC,95,3.69
CCCCCCCOP(=O)(O)OCCNCCCN(C)CCCN(CCOP(=O)(O)OCCCCCCC)CCOP(=O)(O)OCCCCCCC,95,3.69
CCCCCCCCOP(=O)(O)OCCNCCCN(C)CCCN(CCOP(=O)(O)OCCCCCCCC)CCOP(=O)(O)OCCCCCCCC,95,3.69
CCCCCCCCCOP(=O)(O)OCCNCCCN(C)CCCN(CCOP(=O)(O)OCCCCCCCCC)CCOP(=O)(O)OCCCCCCCCC,95,3.69
CCCCCCCCCCOP(=O)(O)OCCNCCCN(C)CCCN(CCOP(=O)(O)OCCCCCCCCCC)CCOP(=O)(O)OCCCCCCCCCC,95,3.69
CCCCCCCCCCCOP(=O)(O)OCCNCCCN(C)CCCN(CCOP(=O)(O)OCCCCCCCCCCC)CCOP(=O)(O)OCCCCCCCCCCC,95,2.69
CCCCCCCCCCCCOP(=O)(O)OCCNCCCN(C)CCCN(CCOP(=O)(O)OCCCCCCCCCCCC)CCOP(=O)(O)OCCCCCCCCCCCC,95,3.69
CCCCCCCCCCCCCOP(=O)(O)OCCNCCCN(C)CCCN(CCOP(=O)(O)OCCCCCCCCCCCCC)CCOP(=O)(O)OCCCCCCCCCCCCC,95,2.69
CCCCCCCCCCCCCCOP(=O)(O)OCCNCCCN(C)CCCN(CCOP(=O)(O)OCCCCCCCCCCCCCC)CCOP(=O)(O)OCCCCCCCCCCCCCC,95,2.69
CCCCCCCCCCCCCCCOP(=O)(O)OCCNCCCN(C)CCCN(CCOP(=O)(O)OCCCCCCCCCCCCCCC)CCOP(=O)(O)OCCCCCCCCCCCCCCC,95,2.69
CCCCCCCCCCCCCCCCOP(=O)(O)OCCNCCCN(C)CCCN(CCOP(=O)(O)OCCCCCCCCCCCCCCCC)CCOP(=O)(O)OCCCCCCCCCCCCCCCC,95,2.69
CCCCOP(=O)(O)OCCNCCCN1CCN(CCCN(CCOP(=O)(O)OCCCC)CCOP(=O)(O)OCCCC)CC1,95,3.69
CCCCCOP(=O)(O)OCCNCCCN1CCN(CCCN(CCOP(=O)(O)OCCCCC)CCOP(=O)(O)OCCCCC)CC1,95,2.69
CCCCCCOP(=O)(O)OCCNCCCN1CCN(CCCN(CCOP(=O)(O)OCCCCCC)CCOP(=O)(O)OCCCCCC)CC1,95,2.69
CCCCCCCOP(=O)(O)OCCNCCCN1CCN(CCCN(CCOP(=O)(O)OCCCCCCC)CCOP(=O)(O)OCCCCCCC)CC1,95,3.69
CCCCCCCCOP(=O)(O)OCCNCCCN1CCN(CCCN(CCOP(=O)(O)OCCCCCCCC)CCOP(=O)(O)OCCCCCCCC)CC1,95,3.69
CCCCCCCCCOP(=O)(O)OCCNCCCN1CCN(CCCN(CCOP(=O)(O)OCCCCCCCCC)CCOP(=O)(O)OCCCCCCCCC)CC1,95,4.69
CCCCCCCCCCOP(=O)(O)OCCNCCCN1CCN(CCCN(CCOP(=O)(O)OCCCCCCCCCC)CCOP(=O)(O)OCCCCCCCCCC)CC1,95,3.69
CCCCCCCCCCCOP(=O)(O)OCCNCCCN1CCN(CCCN(CCOP(=O)(O)OCCCCCCCCCCC)CCOP(=O)(O)OCCCCCCCCCCC)CC1,95,3.69
CCCCCCCCCCCCOP(=O)(O)OCCNCCCN1CCN(CCCN(CCOP(=O)(O)OCCCCCCCCCCCC)CCOP(=O)(O)OCCCCCCCCCCCC)CC1,95,3.69
CCCCCCCCCCCCCOP(=O)(O)OCCNCCCN1CCN(CCCN(CCOP(=O)(O)OCCCCCCCCCCCCC)CCOP(=O)(O)OCCCCCCCCCCCCC)CC1,95,2.69
CCCCCCCCCCCCCCOP(=O)(O)OCCNCCCN1CCN(CCCN(CCOP(=O)(O)OCCCCCCCCCCCCCC)CCOP(=O)(O)OCCCCCCCCCCCCCC)CC1,95,3.69
CCCCCCCCCCCCCCCOP(=O)(O)OCCNCCCN1CCN(CCCN(CCOP(=O)(O)OCCCCCCCCCCCCCCC)CCOP(=O)(O)OCCCCCCCCCCCCCCC)CC1,95,3.69
CCCCCCCCCCCCCCCCOP(=O)(O)OCCNCCCN1CCN(CCCN(CCOP(=O)(O)OCCCCCCCCCCCCCCCC)CCOP(=O)(O)OCCCCCCCCCCCCCCCC)CC1,95,2.69
CCCCOP(=O)(O)OCCNCCNCCN(CCNCCOP(=O)(O)OCCCC)CCOP(=O)(O)OCCCC,85,3.69
CCCCCOP(=O)(O)OCCNCCNCCN(CCNCCOP(=O)(O)OCCCCC)CCOP(=O)(O)OCCCCC,95,2.69
CCCCCCOP(=O)(O)OCCNCCNCCN(CCNCCOP(=O)(O)OCCCCCC)CCOP(=O)(O)OCCCCCC,95,2.69
CCCCCCCOP(=O)(O)OCCNCCNCCN(CCNCCOP(=O)(O)OCCCCCCC)CCOP(=O)(O)OCCCCCCC,95,3.69
CCCCCCCCOP(=O)(O)OCCNCCNCCN(CCNCCOP(=O)(O)OCCCCCCCC)CCOP(=O)(O)OCCCCCCCC,95,3.69
CCCCCCCCCOP(=O)(O)OCCNCCNCCN(CCNCCOP(=O)(O)OCCCCCCCCC)CCOP(=O)(O)OCCCCCCCCC,95,3.69
CCCCCCCCCCOP(=O)(O)OCCNCCNCCN(CCNCCOP(=O)(O)OCCCCCCCCCC)CCOP(=O)(O)OCCCCCCCCCC,95,3.69
CCCCCCCCCCCOP(=O)(O)OCCNCCNCCN(CCNCCOP(=O)(O)OCCCCCCCCCCC)CCOP(=O)(O)OCCCCCCCCCCC,95,3.69
CCCCCCCCCCCCOP(=O)(O)OCCNCCNCCN(CCNCCOP(=O)(O)OCCCCCCCCCCCC)CCOP(=O)(O)OCCCCCCCCCCCC,95,3.69
CCCCCCCCCCCCCOP(=O)(O)OCCNCCNCCN(CCNCCOP(=O)(O)OCCCCCCCCCCCCC)CCOP(=O)(O)OCCCCCCCCCCCCC,95,2.69
CCCCCCCCCCCCCCOP(=O)(O)OCCNCCNCCN(CCNCCOP(=O)(O)OCCCCCCCCCCCCCC)CCOP(=O)(O)OCCCCCCCCCCCCCC,95,2.69
CCCCCCCCCCCCCCCOP(=O)(O)OCCNCCNCCN(CCNCCOP(=O)(O)OCCCCCCCCCCCCCCC)CCOP(=O)(O)OCCCCCCCCCCCCCCC,95,2.69
CCCCCCCCCCCCCCCCOP(=O)(O)OCCNCCNCCN(CCNCCOP(=O)(O)OCCCCCCCCCCCCCCCC)CCOP(=O)(O)OCCCCCCCCCCCCCCCC,95,2.69
CCCCOP(=O)(O)OCCNCCCNCCCCN(CCCNCCOP(=O)(O)OCCCC)CCOP(=O)(O)OCCCC,95,3.69
CCCCCOP(=O)(O)OCCNCCCNCCCCN(CCCNCCOP(=O)(O)OCCCCC)CCOP(=O)(O)OCCCCC,95,2.69
CCCCCCOP(=O)(O)OCCNCCCNCCCCN(CCCNCCOP(=O)(O)OCCCCCC)CCOP(=O)(O)OCCCCCC,85,3.69
CCCCCCCOP(=O)(O)OCCNCCCNCCCCN(CCCNCCOP(=O)(O)OCCCCCCC)CCOP(=O)(O)OCCCCCCC,95,3.69
CCCCCCCCOP(=O)(O)OCCNCCCNCCCCN(CCCNCCOP(=O)(O)OCCCCCCCC)CCOP(=O)(O)OCCCCCCCC,95,3.69
CCCCCCCCCOP(=O)(O)OCCNCCCNCCCCN(CCCNCCOP(=O)(O)OCCCCCCCCC)CCOP(=O)(O)OCCCCCCCCC,95,5.69
CCCCCCCCCCOP(=O)(O)OCCNCCCNCCCCN(CCCNCCOP(=O)(O)OCCCCCCCCCC)CCOP(=O)(O)OCCCCCCCCCC,95,4.69
CCCCCCCCCCCOP(=O)(O)OCCNCCCNCCCCN(CCCNCCOP(=O)(O)OCCCCCCCCCCC)CCOP(=O)(O)OCCCCCCCCCCC,95,3.69
CCCCCCCCCCCCOP(=O)(O)OCCNCCCNCCCCN(CCCNCCOP(=O)(O)OCCCCCCCCCCCC)CCOP(=O)(O)OCCCCCCCCCCCC,95,3.69
CCCCCCCCCCCCCOP(=O)(O)OCCNCCCNCCCCN(CCCNCCOP(=O)(O)OCCCCCCCCCCCCC)CCOP(=O)(O)OCCCCCCCCCCCCC,95,2.69
CCCCCCCCCCCCCCOP(=O)(O)OCCNCCCNCCCCN(CCCNCCOP(=O)(O)OCCCCCCCCCCCCCC)CCOP(=O)(O)OCCCCCCCCCCCCCC,95,3.69
CCCCCCCCCCCCCCCOP(=O)(O)OCCNCCCNCCCCN(CCCNCCOP(=O)(O)OCCCCCCCCCCCCCCC)CCOP(=O)(O)OCCCCCCCCCCCCCCC,95,3.69
CCCCCCCCCCCCCCCCOP(=O)(O)OCCNCCCNCCCCN(CCCNCCOP(=O)(O)OCCCCCCCCCCCCCCCC)CCOP(=O)(O)OCCCCCCCCCCCCCCCC,95,3.69
CCCCOP(=O)(O)OCCN(C)CCN(CCN(C)CCOP(=O)(O)OCCCC)CCN(C)CCOP(=O)(O)OCCCC,95,3.69
CCCCCOP(=O)(O)OCCN(C)CCN(CCN(C)CCOP(=O)(O)OCCCCC)CCN(C)CCOP(=O)(O)OCCCCC,95,2.69
CCCCCCOP(=O)(O)OCCN(C)CCN(CCN(C)CCOP(=O)(O)OCCCCCC)CCN(C)CCOP(=O)(O)OCCCCCC,95,3.69
CCCCCCCOP(=O)(O)OCCN(C)CCN(CCN(C)CCOP(=O)(O)OCCCCCCC)CCN(C)CCOP(=O)(O)OCCCCCCC,95,2.69
CCCCCCCCOP(=O)(O)OCCN(C)CCN(CCN(C)CCOP(=O)(O)OCCCCCCCC)CCN(C)CCOP(=O)(O)OCCCCCCCC,95,2.69
CCCCCCCCCOP(=O)(O)OCCN(C)CCN(CCN(C)CCOP(=O)(O)OCCCCCCCCC)CCN(C)CCOP(=O)(O)OCCCCCCCCC,95,4.69
CCCCCCCCCCOP(=O)(O)OCCN(C)CCN(CCN(C)CCOP(=O)(O)OCCCCCCCCCC)CCN(C)CCOP(=O)(O)OCCCCCCCCCC,95,2.69
CCCCCCCCCCCOP(=O)(O)OCCN(C)CCN(CCN(C)CCOP(=O)(O)OCCCCCCCCCCC)CCN(C)CCOP(=O)(O)OCCCCCCCCCCC,95,3.69
CCCCCCCCCCCCOP(=O)(O)OCCN(C)CCN(CCN(C)CCOP(=O)(O)OCCCCCCCCCCCC)CCN(C)CCOP(=O)(O)OCCCCCCCCCCCC,95,3.69
CCCCCCCCCCCCCOP(=O)(O)OCCN(C)CCN(CCN(C)CCOP(=O)(O)OCCCCCCCCCCCCC)CCN(C)CCOP(=O)(O)OCCCCCCCCCCCCC,95,2.69
CCCCCCCCCCCCCCOP(=O)(O)OCCN(C)CCN(CCN(C)CCOP(=O)(O)OCCCCCCCCCCCCCC)CCN(C)CCOP(=O)(O)OCCCCCCCCCCCCCC,95,2.69
CCCCCCCCCCCCCCCOP(=O)(O)OCCN(C)CCN(CCN(C)CCOP(=O)(O)OCCCCCCCCCCCCCCC)CCN(C)CCOP(=O)(O)OCCCCCCCCCCCCCCC,95,2.69
CCCCCCCCCCCCCCCCOP(=O)(O)OCCN(C)CCN(CCN(C)CCOP(=O)(O)OCCCCCCCCCCCCCCCC)CCN(C)CCOP(=O)(O)OCCCCCCCCCCCCCCCC,95,2.69
CCCCOP(=O)(O)OCCNCCN(CCNCCOP(=O)(O)OCCCC)CCNCCOP(=O)(O)OCCCC,95,3.69
CCCCCOP(=O)(O)OCCNCCN(CCNCCOP(=O)(O)OCCCCC)CCNCCOP(=O)(O)OCCCCC,95,2.69
CCCCCCOP(=O)(O)OCCNCCN(CCNCCOP(=O)(O)OCCCCCC)CCNCCOP(=O)(O)OCCCCCC,95,2.69
CCCCCCCOP(=O)(O)OCCNCCN(CCNCCOP(=O)(O)OCCCCCCC)CCNCCOP(=O)(O)OCCCCCCC,95,3.69
CCCCCCCCOP(=O)(O)OCCNCCN(CCNCCOP(=O)(O)OCCCCCCCC)CCNCCOP(=O)(O)OCCCCCCCC,95,2.69
CCCCCCCCCOP(=O)(O)OCCNCCN(CCNCCOP(=O)(O)OCCCCCCCCC)CCNCCOP(=O)(O)OCCCCCCCCC,95,4.69
CCCCCCCCCCOP(=O)(O)OCCNCCN(CCNCCOP(=O)(O)OCCCCCCCCCC)CCNCCOP(=O)(O)OCCCCCCCCCC,95,4.69
CCCCCCCCCCCOP(=O)(O)OCCNCCN(CCNCCOP(=O)(O)OCCCCCCCCCCC)CCNCCOP(=O)(O)OCCCCCCCCCCC,95,2.69
CCCCCCCCCCCCOP(=O)(O)OCCNCCN(CCNCCOP(=O)(O)OCCCCCCCCCCCC)CCNCCOP(=O)(O)OCCCCCCCCCCCC,95,3.69
CCCCCCCCCCCCCOP(=O)(O)OCCNCCN(CCNCCOP(=O)(O)OCCCCCCCCCCCCC)CCNCCOP(=O)(O)OCCCCCCCCCCCCC,95,3.69
CCCCCCCCCCCCCCOP(=O)(O)OCCNCCN(CCNCCOP(=O)(O)OCCCCCCCCCCCCCC)CCNCCOP(=O)(O)OCCCCCCCCCCCCCC,95,3.69
CCCCCCCCCCCCCCCOP(=O)(O)OCCNCCN(CCNCCOP(=O)(O)OCCCCCCCCCCCCCCC)CCNCCOP(=O)(O)OCCCCCCCCCCCCCCC,95,2.69
CCCCCCCCCCCCCCCCOP(=O)(O)OCCNCCN(CCNCCOP(=O)(O)OCCCCCCCCCCCCCCCC)CCNCCOP(=O)(O)OCCCCCCCCCCCCCCCC,95,2.69
CCCCOP(=O)(O)OCCNCCNCCN(CCNCCNCCOP(=O)(O)OCCCC)CCOP(=O)(O)OCCCC,85,3.69
CCCCCOP(=O)(O)OCCNCCNCCN(CCNCCNCCOP(=O)(O)OCCCCC)CCOP(=O)(O)OCCCCC,95,2.69
CCCCCCOP(=O)(O)OCCNCCNCCN(CCNCCNCCOP(=O)(O)OCCCCCC)CCOP(=O)(O)OCCCCCC,95,2.69
CCCCCCCOP(=O)(O)OCCNCCNCCN(CCNCCNCCOP(=O)(O)OCCCCCCC)CCOP(=O)(O)OCCCCCCC,95,3.69
CCCCCCCCOP(=O)(O)OCCNCCNCCN(CCNCCNCCOP(=O)(O)OCCCCCCCC)CCOP(=O)(O)OCCCCCCCC,95,3.69
CCCCCCCCCOP(=O)(O)OCCNCCNCCN(CCNCCNCCOP(=O)(O)OCCCCCCCCC)CCOP(=O)(O)OCCCCCCCCC,95,4.69
CCCCCCCCCCOP(=O)(O)OCCNCCNCCN(CCNCCNCCOP(=O)(O)OCCCCCCCCCC)CCOP(=O)(O)OCCCCCCCCCC,95,3.69
CCCCCCCCCCCOP(=O)(O)OCCNCCNCCN(CCNCCNCCOP(=O)(O)OCCCCCCCCCCC)CCOP(=O)(O)OCCCCCCCCCCC,95,3.69
CCCCCCCCCCCCOP(=O)(O)OCCNCCNCCN(CCNCCNCCOP(=O)(O)OCCCCCCCCCCCC)CCOP(=O)(O)OCCCCCCCCCCCC,95,3.69
CCCCCCCCCCCCCOP(=O)(O)OCCNCCNCCN(CCNCCNCCOP(=O)(O)OCCCCCCCCCCCCC)CCOP(=O)(O)OCCCCCCCCCCCCC,95,3.69
CCCCCCCCCCCCCCOP(=O)(O)OCCNCCNCCN(CCNCCNCCOP(=O)(O)OCCCCCCCCCCCCCC)CCOP(=O)(O)OCCCCCCCCCCCCCC,95,3.69
CCCCCCCCCCCCCCCOP(=O)(O)OCCNCCNCCN(CCNCCNCCOP(=O)(O)OCCCCCCCCCCCCCCC)CCOP(=O)(O)OCCCCCCCCCCCCCCC,95,3.69
CCCCCCCCCCCCCCCCOP(=O)(O)OCCNCCNCCN(CCNCCNCCOP(=O)(O)OCCCCCCCCCCCCCCCC)CCOP(=O)(O)OCCCCCCCCCCCCCCCC,95,2.69
CCCCOP(=O)(O)OCCN(CCCN1CCN(CCCN(CCOP(=O)(O)OCCCC)CCOP(=O)(O)OCCCC)CC1)CCOP(=O)(O)OCCCC,95,3.69
CCCCCOP(=O)(O)OCCN(CCCN1CCN(CCCN(CCOP(=O)(O)OCCCCC)CCOP(=O)(O)OCCCCC)CC1)CCOP(=O)(O)OCCCCC,95,2.69
CCCCCCOP(=O)(O)OCCN(CCCN1CCN(CCCN(CCOP(=O)(O)OCCCCCC)CCOP(=O)(O)OCCCCCC)CC1)CCOP(=O)(O)OCCCCCC,95,2.69
CCCCCCCOP(=O)(O)OCCN(CCCN1CCN(CCCN(CCOP(=O)(O)OCCCCCCC)CCOP(=O)(O)OCCCCCCC)CC1)CCOP(=O)(O)OCCCCCCC,85,3.69
CCCCCCCCOP(=O)(O)OCCN(CCCN1CCN(CCCN(CCOP(=O)(O)OCCCCCCCC)CCOP(=O)(O)OCCCCCCCC)CC1)CCOP(=O)(O)OCCCCCCCC,95,3.69
CCCCCCCCCOP(=O)(O)OCCN(CCCN1CCN(CCCN(CCOP(=O)(O)OCCCCCCCCC)CCOP(=O)(O)OCCCCCCCCC)CC1)CCOP(=O)(O)OCCCCCCCCC,95,4.69
CCCCCCCCCCOP(=O)(O)OCCN(CCCN1CCN(CCCN(CCOP(=O)(O)OCCCCCCCCCC)CCOP(=O)(O)OCCCCCCCCCC)CC1)CCOP(=O)(O)OCCCCCCCCCC,95,3.69
CCCCCCCCCCCOP(=O)(O)OCCN(CCCN1CCN(CCCN(CCOP(=O)(O)OCCCCCCCCCCC)CCOP(=O)(O)OCCCCCCCCCCC)CC1)CCOP(=O)(O)OCCCCCCCCCCC,95,2.69
CCCCCCCCCCCCOP(=O)(O)OCCN(CCCN1CCN(CCCN(CCOP(=O)(O)OCCCCCCCCCCCC)CCOP(=O)(O)OCCCCCCCCCCCC)CC1)CCOP(=O)(O)OCCCCCCCCCCCC,95,2.69
CCCCCCCCCCCCCOP(=O)(O)OCCN(CCCN1CCN(CCCN(CCOP(=O)(O)OCCCCCCCCCCCCC)CCOP(=O)(O)OCCCCCCCCCCCCC)CC1)CCOP(=O)(O)OCCCCCCCCCCCCC,95,2.69
CCCCCCCCCCCCCCOP(=O)(O)OCCN(CCCN1CCN(CCCN(CCOP(=O)(O)OCCCCCCCCCCCCCC)CCOP(=O)(O)OCCCCCCCCCCCCCC)CC1)CCOP(=O)(O)OCCCCCCCCCCCCCC,95,2.69
CCCCCCCCCCCCCCCOP(=O)(O)OCCN(CCCN1CCN(CCCN(CCOP(=O)(O)OCCCCCCCCCCCCCCC)CCOP(=O)(O)OCCCCCCCCCCCCCCC)CC1)CCOP(=O)(O)OCCCCCCCCCCCCCCC,95,2.69
CCCCCCCCCCCCCCCCOP(=O)(O)OCCN(CCCN1CCN(CCCN(CCOP(=O)(O)OCCCCCCCCCCCCCCCC)CCOP(=O)(O)OCCCCCCCCCCCCCCCC)CC1)CCOP(=O)(O)OCCCCCCCCCCCCCCCC,95,2.69
CCCCOP(=O)(O)OCCNCCN(CCOP(=O)(O)OCCCC)CCN(CCNCCOP(=O)(O)OCCCC)CCOP(=O)(O)OCCCC,95,3.69
CCCCCOP(=O)(O)OCCNCCN(CCOP(=O)(O)OCCCCC)CCN(CCNCCOP(=O)(O)OCCCCC)CCOP(=O)(O)OCCCCC,95,2.69
CCCCCCOP(=O)(O)OCCNCCN(CCOP(=O)(O)OCCCCCC)CCN(CCNCCOP(=O)(O)OCCCCCC)CCOP(=O)(O)OCCCCCC,95,2.69
CCCCCCCOP(=O)(O)OCCNCCN(CCOP(=O)(O)OCCCCCCC)CCN(CCNCCOP(=O)(O)OCCCCCCC)CCOP(=O)(O)OCCCCCCC,95,3.69
CCCCCCCCOP(=O)(O)OCCNCCN(CCOP(=O)(O)OCCCCCCCC)CCN(CCNCCOP(=O)(O)OCCCCCCCC)CCOP(=O)(O)OCCCCCCCC,95,2.69
CCCCCCCCCOP(=O)(O)OCCNCCN(CCOP(=O)(O)OCCCCCCCCC)CCN(CCNCCOP(=O)(O)OCCCCCCCCC)CCOP(=O)(O)OCCCCCCCCC,95,3.69
CCCCCCCCCCOP(=O)(O)OCCNCCN(CCOP(=O)(O)OCCCCCCCCCC)CCN(CCNCCOP(=O)(O)OCCCCCCCCCC)CCOP(=O)(O)OCCCCCCCCCC,95,4.69
CCCCCCCCCCCOP(=O)(O)OCCNCCN(CCOP(=O)(O)OCCCCCCCCCCC)CCN(CCNCCOP(=O)(O)OCCCCCCCCCCC)CCOP(=O)(O)OCCCCCCCCCCC,95,2.69
CCCCCCCCCCCCOP(=O)(O)OCCNCCN(CCOP(=O)(O)OCCCCCCCCCCCC)CCN(CCNCCOP(=O)(O)OCCCCCCCCCCCC)CCOP(=O)(O)OCCCCCCCCCCCC,95,2.69
CCCCCCCCCCCCCOP(=O)(O)OCCNCCN(CCOP(=O)(O)OCCCCCCCCCCCCC)CCN(CCNCCOP(=O)(O)OCCCCCCCCCCCCC)CCOP(=O)(O)OCCCCCCCCCCCCC,95,2.69
CCCCCCCCCCCCCCOP(=O)(O)OCCNCCN(CCOP(=O)(O)OCCCCCCCCCCCCCC)CCN(CCNCCOP(=O)(O)OCCCCCCCCCCCCCC)CCOP(=O)(O)OCCCCCCCCCCCCCC,95,2.69
CCCCCCCCCCCCCCCOP(=O)(O)OCCNCCN(CCOP(=O)(O)OCCCCCCCCCCCCCCC)CCN(CCNCCOP(=O)(O)OCCCCCCCCCCCCCCC)CCOP(=O)(O)OCCCCCCCCCCCCCCC,95,2.69
CCCCCCCCCCCCCCCCOP(=O)(O)OCCNCCN(CCOP(=O)(O)OCCCCCCCCCCCCCCCC)CCN(CCNCCOP(=O)(O)OCCCCCCCCCCCCCCCC)CCOP(=O)(O)OCCCCCCCCCCCCCCCC,95,2.69
CCCCOP(=O)(O)OCCNCCCN(CCCCN(CCCNCCOP(=O)(O)OCCCC)CCOP(=O)(O)OCCCC)CCOP(=O)(O)OCCCC,95,3.69
CCCCCOP(=O)(O)OCCNCCCN(CCCCN(CCCNCCOP(=O)(O)OCCCCC)CCOP(=O)(O)OCCCCC)CCOP(=O)(O)OCCCCC,95,3.69
CCCCCCOP(=O)(O)OCCNCCCN(CCCCN(CCCNCCOP(=O)(O)OCCCCCC)CCOP(=O)(O)OCCCCCC)CCOP(=O)(O)OCCCCCC,95,3.69
CCCCCCCOP(=O)(O)OCCNCCCN(CCCCN(CCCNCCOP(=O)(O)OCCCCCCC)CCOP(=O)(O)OCCCCCCC)CCOP(=O)(O)OCCCCCCC,95,3.69
CCCCCCCCOP(=O)(O)OCCNCCCN(CCCCN(CCCNCCOP(=O)(O)OCCCCCCCC)CCOP(=O)(O)OCCCCCCCC)CCOP(=O)(O)OCCCCCCCC,95,3.69
CCCCCCCCCOP(=O)(O)OCCNCCCN(CCCCN(CCCNCCOP(=O)(O)OCCCCCCCCC)CCOP(=O)(O)OCCCCCCCCC)CCOP(=O)(O)OCCCCCCCCC,95,4.69
CCCCCCCCCCOP(=O)(O)OCCNCCCN(CCCCN(CCCNCCOP(=O)(O)OCCCCCCCCCC)CCOP(=O)(O)OCCCCCCCCCC)CCOP(=O)(O)OCCCCCCCCCC,95,3.69
CCCCCCCCCCCOP(=O)(O)OCCNCCCN(CCCCN(CCCNCCOP(=O)(O)OCCCCCCCCCCC)CCOP(=O)(O)OCCCCCCCCCCC)CCOP(=O)(O)OCCCCCCCCCCC,95,3.69
CCCCCCCCCCCCOP(=O)(O)OCCNCCCN(CCCCN(CCCNCCOP(=O)(O)OCCCCCCCCCCCC)CCOP(=O)(O)OCCCCCCCCCCCC)CCOP(=O)(O)OCCCCCCCCCCCC,95,2.69
CCCCCCCCCCCCCOP(=O)(O)OCCNCCCN(CCCCN(CCCNCCOP(=O)(O)OCCCCCCCCCCCCC)CCOP(=O)(O)OCCCCCCCCCCCCC)CCOP(=O)(O)OCCCCCCCCCCCCC,95,2.69
CCCCCCCCCCCCCCOP(=O)(O)OCCNCCCN(CCCCN(CCCNCCOP(=O)(O)OCCCCCCCCCCCCCC)CCOP(=O)(O)OCCCCCCCCCCCCCC)CCOP(=O)(O)OCCCCCCCCCCCCCC,95,2.69
CCCCCCCCCCCCCCCOP(=O)(O)OCCNCCCN(CCCCN(CCCNCCOP(=O)(O)OCCCCCCCCCCCCCCC)CCOP(=O)(O)OCCCCCCCCCCCCCCC)CCOP(=O)(O)OCCCCCCCCCCCCCCC,95,2.69
CCCCCCCCCCCCCCCCOP(=O)(O)OCCNCCCN(CCCCN(CCCNCCOP(=O)(O)OCCCCCCCCCCCCCCCC)CCOP(=O)(O)OCCCCCCCCCCCCCCCC)CCOP(=O)(O)OCCCCCCCCCCCCCCCC,95,2.69
CCCCOP(=O)(O)OCCN(C)CC[N+](CCOP(=O)(O)OCCCC)(CCN(C)CCOP(=O)(O)OCCCC)CCN(C)CCOP(=O)(O)OCCCC,95,3.69
CCCCCOP(=O)(O)OCCN(C)CC[N+](CCOP(=O)(O)OCCCCC)(CCN(C)CCOP(=O)(O)OCCCCC)CCN(C)CCOP(=O)(O)OCCCCC,95,3.69
CCCCCCOP(=O)(O)OCCN(C)CC[N+](CCOP(=O)(O)OCCCCCC)(CCN(C)CCOP(=O)(O)OCCCCCC)CCN(C)CCOP(=O)(O)OCCCCCC,95,2.69
CCCCCCCOP(=O)(O)OCCN(C)CC[N+](CCOP(=O)(O)OCCCCCCC)(CCN(C)CCOP(=O)(O)OCCCCCCC)CCN(C)CCOP(=O)(O)OCCCCCCC,95,3.69
CCCCCCCCOP(=O)(O)OCCN(C)CC[N+](CCOP(=O)(O)OCCCCCCCC)(CCN(C)CCOP(=O)(O)OCCCCCCCC)CCN(C)CCOP(=O)(O)OCCCCCCCC,95,2.69
CCCCCCCCCOP(=O)(O)OCCN(C)CC[N+](CCOP(=O)(O)OCCCCCCCCC)(CCN(C)CCOP(=O)(O)OCCCCCCCCC)CCN(C)CCOP(=O)(O)OCCCCCCCCC,95,3.69
CCCCCCCCCCOP(=O)(O)OCCN(C)CC[N+](CCOP(=O)(O)OCCCCCCCCCC)(CCN(C)CCOP(=O)(O)OCCCCCCCCCC)CCN(C)CCOP(=O)(O)OCCCCCCCCCC,95,3.69
CCCCCCCCCCCOP(=O)(O)OCCN(C)CC[N+](CCOP(=O)(O)OCCCCCCCCCCC)(CCN(C)CCOP(=O)(O)OCCCCCCCCCCC)CCN(C)CCOP(=O)(O)OCCCCCCCCCCC,95,2.69
CCCCCCCCCCCCOP(=O)(O)OCCN(C)CC[N+](CCOP(=O)(O)OCCCCCCCCCCCC)(CCN(C)CCOP(=O)(O)OCCCCCCCCCCCC)CCN(C)CCOP(=O)(O)OCCCCCCCCCCCC,95,2.69
CCCCCCCCCCCCCOP(=O)(O)OCCN(C)CC[N+](CCOP(=O)(O)OCCCCCCCCCCCCC)(CCN(C)CCOP(=O)(O)OCCCCCCCCCCCCC)CCN(C)CCOP(=O)(O)OCCCCCCCCCCCCC,95,2.69
CCCCCCCCCCCCCCOP(=O)(O)OCCN(C)CC[N+](CCOP(=O)(O)OCCCCCCCCCCCCCC)(CCN(C)CCOP(=O)(O)OCCCCCCCCCCCCCC)CCN(C)CCOP(=O)(O)OCCCCCCCCCCCCCC,95,2.69
CCCCCCCCCCCCCCCOP(=O)(O)OCCN(C)CC[N+](CCOP(=O)(O)OCCCCCCCCCCCCCCC)(CCN(C)CCOP(=O)(O)OCCCCCCCCCCCCCCC)CCN(C)CCOP(=O)(O)OCCCCCCCCCCCCCCC,95,2.69
CCCCCCCCCCCCCCCCOP(=O)(O)OCCN(C)CC[N+](CCOP(=O)(O)OCCCCCCCCCCCCCCCC)(CCN(C)CCOP(=O)(O)OCCCCCCCCCCCCCCCC)CCN(C)CCOP(=O)(O)OCCCCCCCCCCCCCCCC,95,2.69
CCCCOP(=O)(O)OCCNCCN(CCNCCOP(=O)(O)OCCCC)CCN(CCOP(=O)(O)OCCCC)CCOP(=O)(O)OCCCC,95,3.69
CCCCCOP(=O)(O)OCCNCCN(CCNCCOP(=O)(O)OCCCCC)CCN(CCOP(=O)(O)OCCCCC)CCOP(=O)(O)OCCCCC,95,3.69
CCCCCCOP(=O)(O)OCCNCCN(CCNCCOP(=O)(O)OCCCCCC)CCN(CCOP(=O)(O)OCCCCCC)CCOP(=O)(O)OCCCCCC,95,2.69
CCCCCCCOP(=O)(O)OCCNCCN(CCNCCOP(=O)(O)OCCCCCCC)CCN(CCOP(=O)(O)OCCCCCCC)CCOP(=O)(O)OCCCCCCC,95,3.69
CCCCCCCCOP(=O)(O)OCCNCCN(CCNCCOP(=O)(O)OCCCCCCCC)CCN(CCOP(=O)(O)OCCCCCCCC)CCOP(=O)(O)OCCCCCCCC,95,3.69
CCCCCCCCCOP(=O)(O)OCCNCCN(CCNCCOP(=O)(O)OCCCCCCCCC)CCN(CCOP(=O)(O)OCCCCCCCCC)CCOP(=O)(O)OCCCCCCCCC,95,4.69
CCCCCCCCCCOP(=O)(O)OCCNCCN(CCNCCOP(=O)(O)OCCCCCCCCCC)CCN(CCOP(=O)(O)OCCCCCCCCCC)CCOP(=O)(O)OCCCCCCCCCC,95,4.69
CCCCCCCCCCCOP(=O)(O)OCCNCCN(CCNCCOP(=O)(O)OCCCCCCCCCCC)CCN(CCOP(=O)(O)OCCCCCCCCCCC)CCOP(=O)(O)OCCCCCCCCCCC,95,3.69
CCCCCCCCCCCCOP(=O)(O)OCCNCCN(CCNCCOP(=O)(O)OCCCCCCCCCCCC)CCN(CCOP(=O)(O)OCCCCCCCCCCCC)CCOP(=O)(O)OCCCCCCCCCCCC,95,2.69
CCCCCCCCCCCCCOP(=O)(O)OCCNCCN(CCNCCOP(=O)(O)OCCCCCCCCCCCCC)CCN(CCOP(=O)(O)OCCCCCCCCCCCCC)CCOP(=O)(O)OCCCCCCCCCCCCC,95,2.69
CCCCCCCCCCCCCCOP(=O)(O)OCCNCCN(CCNCCOP(=O)(O)OCCCCCCCCCCCCCC)CCN(CCOP(=O)(O)OCCCCCCCCCCCCCC)CCOP(=O)(O)OCCCCCCCCCCCCCC,95,2.69
CCCCCCCCCCCCCCCOP(=O)(O)OCCNCCN(CCNCCOP(=O)(O)OCCCCCCCCCCCCCCC)CCN(CCOP(=O)(O)OCCCCCCCCCCCCCCC)CCOP(=O)(O)OCCCCCCCCCCCCCCC,95,2.69
CCCCCCCCCCCCCCCCOP(=O)(O)OCCNCCN(CCNCCOP(=O)(O)OCCCCCCCCCCCCCCCC)CCN(CCOP(=O)(O)OCCCCCCCCCCCCCCCC)CCOP(=O)(O)OCCCCCCCCCCCCCCCC,95,2.69
CCCCOP(=O)(O)OCCNCCNCCN(CCOP(=O)(O)OCCCC)CCN(CCNCCOP(=O)(O)OCCCC)CCOP(=O)(O)OCCCC,95,2.69
CCCCCOP(=O)(O)OCCNCCNCCN(CCOP(=O)(O)OCCCCC)CCN(CCNCCOP(=O)(O)OCCCCC)CCOP(=O)(O)OCCCCC,95,2.69
CCCCCCOP(=O)(O)OCCNCCNCCN(CCOP(=O)(O)OCCCCCC)CCN(CCNCCOP(=O)(O)OCCCCCC)CCOP(=O)(O)OCCCCCC,95,3.69
CCCCCCCOP(=O)(O)OCCNCCNCCN(CCOP(=O)(O)OCCCCCCC)CCN(CCNCCOP(=O)(O)OCCCCCCC)CCOP(=O)(O)OCCCCCCC,85,3.69
CCCCCCCCOP(=O)(O)OCCNCCNCCN(CCOP(=O)(O)OCCCCCCCC)CCN(CCNCCOP(=O)(O)OCCCCCCCC)CCOP(=O)(O)OCCCCCCCC,95,3.69
CCCCCCCCCOP(=O)(O)OCCNCCNCCN(CCOP(=O)(O)OCCCCCCCCC)CCN(CCNCCOP(=O)(O)OCCCCCCCCC)CCOP(=O)(O)OCCCCCCCCC,95,3.69
CCCCCCCCCCOP(=O)(O)OCCNCCNCCN(CCOP(=O)(O)OCCCCCCCCCC)CCN(CCNCCOP(=O)(O)OCCCCCCCCCC)CCOP(=O)(O)OCCCCCCCCCC,95,3.69
CCCCCCCCCCCOP(=O)(O)OCCNCCNCCN(CCOP(=O)(O)OCCCCCCCCCCC)CCN(CCNCCOP(=O)(O)OCCCCCCCCCCC)CCOP(=O)(O)OCCCCCCCCCCC,95,3.69
CCCCCCCCCCCCOP(=O)(O)OCCNCCNCCN(CCOP(=O)(O)OCCCCCCCCCCCC)CCN(CCNCCOP(=O)(O)OCCCCCCCCCCCC)CCOP(=O)(O)OCCCCCCCCCCCC,95,2.69
CCCCCCCCCCCCCOP(=O)(O)OCCNCCNCCN(CCOP(=O)(O)OCCCCCCCCCCCCC)CCN(CCNCCOP(=O)(O)OCCCCCCCCCCCCC)CCOP(=O)(O)OCCCCCCCCCCCCC,95,2.69
CCCCCCCCCCCCCCOP(=O)(O)OCCNCCNCCN(CCOP(=O)(O)OCCCCCCCCCCCCCC)CCN(CCNCCOP(=O)(O)OCCCCCCCCCCCCCC)CCOP(=O)(O)OCCCCCCCCCCCCCC,95,2.69
CCCCCCCCCCCCCCCOP(=O)(O)OCCNCCNCCN(CCOP(=O)(O)OCCCCCCCCCCCCCCC)CCN(CCNCCOP(=O)(O)OCCCCCCCCCCCCCCC)CCOP(=O)(O)OCCCCCCCCCCCCCCC,85,2.69
CCCCCCCCCCCCCCCCOP(=O)(O)OCCNCCNCCN(CCOP(=O)(O)OCCCCCCCCCCCCCCCC)CCN(CCNCCOP(=O)(O)OCCCCCCCCCCCCCCCC)CCOP(=O)(O)OCCCCCCCCCCCCCCCC,95,2.69
CCCCOP(=O)(O)OCCNCCN(CCOP(=O)(O)OCCCC)CCN(CCOP(=O)(O)OCCCC)CCN(CCNCCOP(=O)(O)OCCCC)CCOP(=O)(O)OCCCC,95,2.69
CCCCCOP(=O)(O)OCCNCCN(CCOP(=O)(O)OCCCCC)CCN(CCOP(=O)(O)OCCCCC)CCN(CCNCCOP(=O)(O)OCCCCC)CCOP(=O)(O)OCCCCC,95,3.69
CCCCCCOP(=O)(O)OCCNCCN(CCOP(=O)(O)OCCCCCC)CCN(CCOP(=O)(O)OCCCCCC)CCN(CCNCCOP(=O)(O)OCCCCCC)CCOP(=O)(O)OCCCCCC,95,2.69
CCCCCCCOP(=O)(O)OCCNCCN(CCOP(=O)(O)OCCCCCCC)CCN(CCOP(=O)(O)OCCCCCCC)CCN(CCNCCOP(=O)(O)OCCCCCCC)CCOP(=O)(O)OCCCCCCC,95,3.69
CCCCCCCCOP(=O)(O)OCCNCCN(CCOP(=O)(O)OCCCCCCCC)CCN(CCOP(=O)(O)OCCCCCCCC)CCN(CCNCCOP(=O)(O)OCCCCCCCC)CCOP(=O)(O)OCCCCCCCC,95,4.69
CCCCCCCCCOP(=O)(O)OCCNCCN(CCOP(=O)(O)OCCCCCCCCC)CCN(CCOP(=O)(O)OCCCCCCCCC)CCN(CCNCCOP(=O)(O)OCCCCCCCCC)CCOP(=O)(O)OCCCCCCCCC,95,4.69
CCCCCCCCCCOP(=O)(O)OCCNCCN(CCOP(=O)(O)OCCCCCCCCCC)CCN(CCOP(=O)(O)OCCCCCCCCCC)CCN(CCNCCOP(=O)(O)OCCCCCCCCCC)CCOP(=O)(O)OCCCCCCCCCC,95,2.69
CCCCCCCCCCCOP(=O)(O)OCCNCCN(CCOP(=O)(O)OCCCCCCCCCCC)CCN(CCOP(=O)(O)OCCCCCCCCCCC)CCN(CCNCCOP(=O)(O)OCCCCCCCCCCC)CCOP(=O)(O)OCCCCCCCCCCC,95,2.69
CCCCCCCCCCCCOP(=O)(O)OCCNCCN(CCOP(=O)(O)OCCCCCCCCCCCC)CCN(CCOP(=O)(O)OCCCCCCCCCCCC)CCN(CCNCCOP(=O)(O)OCCCCCCCCCCCC)CCOP(=O)(O)OCCCCCCCCCCCC,95,2.69
CCCCCCCCCCCCCOP(=O)(O)OCCNCCN(CCOP(=O)(O)OCCCCCCCCCCCCC)CCN(CCOP(=O)(O)OCCCCCCCCCCCCC)CCN(CCNCCOP(=O)(O)OCCCCCCCCCCCCC)CCOP(=O)(O)OCCCCCCCCCCCCC,95,2.69
CCCCCCCCCCCCCCOP(=O)(O)OCCNCCN(CCOP(=O)(O)OCCCCCCCCCCCCCC)CCN(CCOP(=O)(O)OCCCCCCCCCCCCCC)CCN(CCNCCOP(=O)(O)OCCCCCCCCCCCCCC)CCOP(=O)(O)OCCCCCCCCCCCCCC,95,2.69
CCCCCCCCCCCCCCCOP(=O)(O)OCCNCCN(CCOP(=O)(O)OCCCCCCCCCCCCCCC)CCN(CCOP(=O)(O)OCCCCCCCCCCCCCCC)CCN(CCNCCOP(=O)(O)OCCCCCCCCCCCCCCC)CCOP(=O)(O)OCCCCCCCCCCCCCCC,95,2.69
CCCCCCCCCCCCCCCCOP(=O)(O)OCCNCCN(CCOP(=O)(O)OCCCCCCCCCCCCCCCC)CCN(CCOP(=O)(O)OCCCCCCCCCCCCCCCC)CCN(CCNCCOP(=O)(O)OCCCCCCCCCCCCCCCC)CCOP(=O)(O)OCCCCCCCCCCCCCCCC,95,2.69
