fold,metric,mean,sqrt_n_mean,n_weighted_mean,n_exp
0,ndcg@k_e,0.40824,0.40824,0.40824,1.0
0,ndcg@k_e_rand,0.16429,0.16429,0.16429,1.0
0,ndcg_full,0.81978,0.81978,0.81978,1.0
0,ndcg_full_rand,0.73872,0.73872,0.73872,1.0
0,ndcg@3,0.73184,0.73184,0.73184,1.0
0,ndcg@3_rand,0.10341,0.10341,0.10341,1.0
0,ndcg@5,0.64775,0.64775,0.64775,1.0
0,ndcg@5_rand,0.10285,0.10285,0.10285,1.0
0,ndcg@10,0.47208,0.47208,0.47208,1.0
0,ndcg@10_rand,0.10369,0.10369,0.10369,1.0
0,hit_rate@3,0.66667,0.66667,0.66667,1.0
0,hit_rate@3_rand,0.00633,0.00633,0.00633,1.0
0,hit_rate@5,0.4,0.4,0.4,1.0
0,hit_rate@5_rand,0.0064,0.0064,0.0064,1.0
0,hit_rate@10,0.2,0.2,0.2,1.0
0,hit_rate@10_rand,0.006,0.006,0.006,1.0
0,spearman,0.36286,0.36286,0.36286,1.0
0,pearson,0.36348,0.36348,0.36348,1.0
0,pairwise_acc,0.62215,0.62215,0.62215,1.0
,,,,,
1,ndcg@k_e,0.17421,0.1732,0.17218,2.0
1,ndcg@k_e_rand,0.17017,0.1702,0.17024,2.0
1,ndcg_full,0.67273,0.67246,0.6722,2.0
1,ndcg_full_rand,0.66278,0.66314,0.6635,2.0
1,ndcg@3,0.07143,0.07038,0.06933,2.0
1,ndcg@3_rand,0.10469,0.10462,0.10454,2.0
1,ndcg@5,0.09229,0.09006,0.08784,2.0
1,ndcg@5_rand,0.10615,0.1061,0.10605,2.0
1,ndcg@10,0.10218,0.10069,0.0992,2.0
1,ndcg@10_rand,0.10648,0.10647,0.10646,2.0
1,hit_rate@3,0.0,0.0,0.0,2.0
1,hit_rate@3_rand,0.0155,0.0153,0.0151,2.0
1,hit_rate@5,0.0,0.0,0.0,2.0
1,hit_rate@5_rand,0.0162,0.01603,0.01587,2.0
1,hit_rate@10,0.0,0.0,0.0,2.0
1,hit_rate@10_rand,0.01545,0.01535,0.01524,2.0
1,spearman,0.0252,0.02556,0.02591,2.0
1,pearson,0.04781,0.04698,0.04615,2.0
1,pairwise_acc,0.5087,0.50877,0.50884,2.0
,,,,,
2,ndcg@k_e,0.29251,0.30699,0.3212,4.0
2,ndcg@k_e_rand,0.15612,0.1542,0.15255,4.0
2,ndcg_full,0.65717,0.6637,0.66989,4.0
2,ndcg_full_rand,0.57742,0.57599,0.57444,4.0
2,ndcg@3,0.23284,0.26155,0.28751,4.0
2,ndcg@3_rand,0.1188,0.11889,0.11905,4.0
2,ndcg@5,0.22557,0.25194,0.27575,4.0
2,ndcg@5_rand,0.11913,0.11911,0.1192,4.0
2,ndcg@10,0.29802,0.32454,0.34802,4.0
2,ndcg@10_rand,0.1307,0.12849,0.12699,4.0
2,hit_rate@3,0.16667,0.20444,0.23691,4.0
2,hit_rate@3_rand,0.05642,0.06182,0.06652,4.0
2,hit_rate@5,0.15,0.18381,0.21279,4.0
2,hit_rate@5_rand,0.0562,0.06142,0.066,4.0
2,hit_rate@10,0.2,0.23701,0.26752,4.0
2,hit_rate@10_rand,0.05785,0.06316,0.06777,4.0
2,spearman,0.26699,0.25745,0.25489,4.0
2,pearson,0.27594,0.27068,0.27134,4.0
2,pairwise_acc,0.62349,0.62887,0.63523,4.0
,,,,,
3,ndcg@k_e,0.42197,0.46241,0.49906,2.0
3,ndcg@k_e_rand,0.20143,0.19402,0.18732,2.0
3,ndcg_full,0.78548,0.79788,0.80912,2.0
3,ndcg_full_rand,0.71685,0.71535,0.71399,2.0
3,ndcg@3,0.35355,0.40766,0.4567,2.0
3,ndcg@3_rand,0.12593,0.12051,0.1156,2.0
3,ndcg@5,0.37648,0.4336,0.48538,2.0
3,ndcg@5_rand,0.1269,0.12179,0.11716,2.0
3,ndcg@10,0.30771,0.35663,0.40097,2.0
3,ndcg@10_rand,0.12799,0.12302,0.11851,2.0
3,hit_rate@3,0.16667,0.20359,0.23706,2.0
3,hit_rate@3_rand,0.01284,0.0111,0.00953,2.0
3,hit_rate@5,0.2,0.24431,0.28448,2.0
3,hit_rate@5_rand,0.0141,0.0127,0.01144,2.0
3,hit_rate@10,0.15,0.18323,0.21336,2.0
3,hit_rate@10_rand,0.0149,0.01346,0.01215,2.0
3,spearman,0.13307,0.12945,0.12616,2.0
3,pearson,0.22632,0.25158,0.27447,2.0
3,pairwise_acc,0.55128,0.54844,0.54587,2.0
,,,,,
4,ndcg@k_e,0.38972,0.31519,0.28329,2.0
4,ndcg@k_e_rand,0.19461,0.17542,0.16721,2.0
4,ndcg_full,0.79046,0.77743,0.77186,2.0
4,ndcg_full_rand,0.70111,0.72491,0.7351,2.0
4,ndcg@3,0.39864,0.20997,0.12923,2.0
4,ndcg@3_rand,0.15914,0.12387,0.10877,2.0
4,ndcg@5,0.42057,0.29283,0.23816,2.0
4,ndcg@5_rand,0.15914,0.12351,0.10826,2.0
4,ndcg@10,0.35191,0.25668,0.21593,2.0
4,ndcg@10_rand,0.16833,0.12741,0.10991,2.0
4,hit_rate@3,0.16667,0.06118,0.01603,2.0
4,hit_rate@3_rand,0.04433,0.02028,0.00999,2.0
4,hit_rate@5,0.2,0.2,0.2,2.0
4,hit_rate@5_rand,0.0444,0.02035,0.01006,2.0
4,hit_rate@10,0.1,0.1,0.1,2.0
4,hit_rate@10_rand,0.0441,0.01998,0.00967,2.0
4,spearman,0.28769,0.24138,0.22157,2.0
4,pearson,0.31395,0.25869,0.23504,2.0
4,pairwise_acc,0.6153,0.58837,0.57684,2.0
,,,,,
avg,ndcg@k_e,0.33733,0.33321,0.33679,11.0
avg,ndcg@k_e_rand,0.17732,0.17163,0.16832,11.0
avg,ndcg_full,0.74512,0.74625,0.74857,11.0
avg,ndcg_full_rand,0.67938,0.68362,0.68515,11.0
avg,ndcg@3,0.35766,0.33628,0.33492,11.0
avg,ndcg@3_rand,0.12239,0.11426,0.11027,11.0
avg,ndcg@5,0.35253,0.34324,0.34698,11.0
avg,ndcg@5_rand,0.12283,0.11467,0.1107,11.0
avg,ndcg@10,0.30638,0.30212,0.30724,11.0
avg,ndcg@10_rand,0.12744,0.11782,0.11311,11.0
avg,hit_rate@3,0.23334,0.22718,0.23133,11.0
avg,hit_rate@3_rand,0.02708,0.02297,0.02149,11.0
avg,hit_rate@5,0.19,0.20562,0.21945,11.0
avg,hit_rate@5_rand,0.02746,0.02338,0.02195,11.0
avg,hit_rate@10,0.13,0.14405,0.15618,11.0
avg,hit_rate@10_rand,0.02766,0.02359,0.02217,11.0
avg,spearman,0.21516,0.20334,0.19828,11.0
avg,pearson,0.2455,0.23828,0.2381,11.0
avg,pairwise_acc,0.58418,0.57932,0.57779,11.0
avg,gw_pair_acc,0.63435,,,5.0
avg,ef@3,5.3004,,,11.0
avg,ef@5,4.72937,,,11.0
avg,ef@10,3.88299,,,11.0
