feature,mean_gain
LogP,387.7520233154297
num_unsaturated_cc_bonds,245.4765167236328
Model_type_HepG2,225.0697448730469
mgk_1,221.27984619140625
chemberta_pca_133,202.4184711456299
mgk_24,200.6161331176758
Nitrogen.Count,176.12888793945314
Dose_ug_nucleicacid,175.90381469726563
mgk_40,172.24580917358398
mgk_19,169.66546707153321
mgk_22,166.20385971069337
Molar.Refractivity,162.91915435791014
PEG_molratio,156.01581726074218
mgk_39,151.0444179534912
mgk_38,147.97572479248046
mgk_16,145.10708465576172
chemberta_pca_253,140.42250862121583
mgk_54,137.49766120910644
Model_type_HeLa,137.17939147949218
mgk_36,136.16278305053712
chemberta_pca_136,133.3410614013672
Model_type_A549,129.5168014526367
mgk_30,128.5592071533203
Num_carbon_in_tail,124.32937774658203
mgk_41,123.58119010925293
chemberta_pca_197,120.50382843017579
chemberta_pca_50,120.16909866333008
Heavy.Atoms,119.76227912902831
chemberta_pca_243,115.95554313659667
Topological.Polar.Surface.Area,111.34072418212891
mgk_21,111.32606811523438
chemberta_pca_220,109.44672813415528
Hydrogen.Bond.Acceptors,106.1094467163086
mgk_32,105.49530906677246
chemberta_pca_19,105.35011787414551
chemberta_pca_48,103.42824840545654
chemberta_pca_184,102.02447814941407
chemberta_pca_209,101.96583557128906
mgk_4,101.00772628784179
chemberta_pca_128,99.20404243469238
mgk_53,96.88037338256837
mgk_12,96.61117591857911
mgk_60,94.99624633789062
mgk_17,94.8845329284668
mgk_44,94.84513511657715
chemberta_pca_213,92.60724639892578
mgk_23,91.78141174316406
chemberta_pca_223,91.03123397827149
chemberta_pca_18,90.50112571716309
chemberta_pca_41,88.0252914428711
chemberta_pca_36,87.84910163879394
chemberta_pca_86,86.86496086120606
mgk_15,86.79774856567383
chemberta_pca_38,85.17862930297852
Rotatable.Bonds,84.90866889953614
mgk_3,84.90520629882812
chemberta_pca_28,83.90936813354492
chemberta_pca_16,83.5390411376953
chemberta_pca_141,81.55996208190918
mgk_61,80.11962242126465
chemberta_pca_217,79.86918830871582
chemberta_pca_242,79.85249252319336
chemberta_pca_251,79.15187301635743
mgk_58,76.47063293457032
chemberta_pca_23,74.11195449829101
mgk_43,74.04380531311035
mgk_27,73.46031761169434
mgk_52,72.36278495788574
mgk_31,71.60276489257812
mgk_33,70.5417350769043
mgk_14,70.39506072998047
chemberta_pca_238,70.22386016845704
CHL_molratio,69.9141746520996
chemberta_pca_70,69.59967384338378
mgk_2,69.21059494018554
mgk_29,69.16359024047851
chemberta_pca_216,68.87516212463379
chemberta_pca_182,68.60205535888672
chemberta_pca_25,68.5706184387207
chemberta_pca_33,67.95478248596191
mgk_63,66.53156433105468
chemberta_pca_105,66.38875160217285
chemberta_pca_99,65.95857963562011
chemberta_pca_147,65.93918838500977
chemberta_pca_131,65.88121910095215
chemberta_pca_74,65.55251617431641
mgk_20,64.27178611755372
chemberta_pca_126,64.06300773620606
mgk_62,64.03525161743164
chemberta_pca_27,63.617736434936525
mgk_35,63.54653091430664
chemberta_pca_40,62.87737350463867
chemberta_pca_24,62.57639999389649
chemberta_pca_221,62.56595649719238
mgk_55,62.49700164794922
chemberta_pca_125,61.94208335876465
mgk_6,61.89813919067383
chemberta_pca_219,61.43207473754883
chemberta_pca_47,61.10705718994141
chemberta_pca_14,60.948024368286134
mgk_50,60.912548828125
molwtlog1p,60.785858154296875
chemberta_pca_7,60.464404296875
chemberta_pca_31,60.106319427490234
mgk_57,60.0033821105957
chemberta_pca_114,59.9869140625
chemberta_pca_175,59.67394485473633
chemberta_pca_152,59.52943572998047
mgk_7,59.46904067993164
chemberta_pca_5,59.41504058837891
chemberta_pca_53,59.40326766967773
num_protonatable_nitrogens,59.33169593811035
chemberta_pca_215,58.99815711975098
chemberta_pca_66,58.8267204284668
chemberta_pca_84,58.690618896484374
chemberta_pca_55,57.94490966796875
chemberta_pca_6,57.9351619720459
chemberta_pca_77,57.8156177520752
chemberta_pca_245,57.53379592895508
chemberta_pca_13,57.53243560791016
chemberta_pca_12,57.36636238098144
mgk_45,57.36027488708496
HL_name_DSPC,57.34018745422363
mgk_46,57.0295166015625
chemberta_pca_62,56.81360549926758
mgk_37,56.711643600463866
chemberta_pca_35,56.65307807922363
chemberta_pca_206,56.36080551147461
mgk_59,56.32303009033203
chemberta_pca_104,56.275189590454104
mgk_0,56.10688018798828
chemberta_pca_63,56.0271499633789
chemberta_pca_146,55.76109237670899
mgk_51,55.60282974243164
mgk_56,55.590810012817386
chemberta_pca_81,55.56585540771484
chemberta_pca_98,55.354762649536134
chemberta_pca_156,55.24458999633789
chemberta_pca_59,54.65510787963867
chemberta_pca_254,54.60525550842285
chemberta_pca_142,54.512499237060545
chemberta_pca_121,54.28139381408691
chemberta_pca_30,53.930511474609375
chemberta_pca_100,53.90341987609863
chemberta_pca_29,53.75687103271484
Hydrogen.Bond.Donors,53.53216552734375
chemberta_pca_109,53.45128860473633
chemberta_pca_26,53.307848358154295
chemberta_pca_228,53.208587646484375
mgk_34,53.06906013488769
chemberta_pca_130,53.00209293365479
chemberta_pca_22,52.718149185180664
chemberta_pca_139,52.675008392333986
chemberta_pca_78,52.59887351989746
chemberta_pca_122,52.508345413208005
chemberta_pca_159,52.43983154296875
chemberta_pca_9,52.38762168884277
chemberta_pca_17,52.22332763671875
mgk_5,52.1259952545166
mgk_49,51.97452812194824
mgk_26,51.812361526489255
chemberta_pca_65,51.734772491455075
chemberta_pca_165,51.44189987182617
chemberta_pca_52,51.41804714202881
chemberta_pca_67,51.37372245788574
chemberta_pca_234,51.202301025390625
mgk_8,51.162135696411134
chemberta_pca_112,51.120809173583986
chemberta_pca_140,51.021296691894534
chemberta_pca_89,50.65484085083008
chemberta_pca_191,50.4981128692627
chemberta_pca_75,50.44327392578125
chemberta_pca_176,50.39843349456787
chemberta_pca_222,50.21077613830566
chemberta_pca_167,50.180551528930664
chemberta_pca_46,50.16529655456543
chemberta_pca_60,49.951880264282224
chemberta_pca_21,49.64653968811035
chemberta_pca_198,49.61504364013672
chemberta_pca_49,49.59366683959961
chemberta_pca_107,49.385015869140624
chemberta_pca_80,49.22975082397461
chemberta_pca_34,48.81509552001953
chemberta_pca_45,48.799220657348634
chemberta_pca_204,48.74679832458496
chemberta_pca_149,48.68358154296875
mgk_47,48.6723690032959
mgk_13,48.55585060119629
chemberta_pca_225,48.54962043762207
chemberta_pca_233,48.370552444458006
chemberta_pca_116,48.11307601928711
chemberta_pca_188,48.08468322753906
chemberta_pca_248,48.03166809082031
chemberta_pca_236,47.761714935302734
chemberta_pca_39,47.71474380493164
chemberta_pca_154,47.70374031066895
chemberta_pca_227,47.70286560058594
chemberta_pca_163,47.605029296875
chemberta_pca_173,47.60432815551758
chemberta_pca_186,47.57135696411133
chemberta_pca_90,47.43699989318848
mgk_42,47.3920238494873
chemberta_pca_249,47.374737930297854
chemberta_pca_161,47.156697845458986
chemberta_pca_32,47.049334335327146
chemberta_pca_69,46.730505752563474
chemberta_pca_241,46.62757873535156
chemberta_pca_137,46.313917541503905
chemberta_pca_96,46.22012710571289
chemberta_pca_134,45.92691078186035
chemberta_pca_247,45.85874252319336
chemberta_pca_108,45.70050468444824
chemberta_pca_132,45.115121078491214
chemberta_pca_106,45.023793411254886
chemberta_pca_150,44.70716438293457
chemberta_pca_118,44.67483558654785
chemberta_pca_72,44.51679611206055
chemberta_pca_170,44.51081657409668
chemberta_pca_15,44.44989204406738
Fraction.sp3.Carbons,44.40450782775879
chemberta_pca_120,43.973049545288085
chemberta_pca_37,43.95592994689942
chemberta_pca_153,43.832502365112305
chemberta_pca_54,43.616834259033205
chemberta_pca_64,43.48295288085937
chemberta_pca_226,43.4333854675293
chemberta_pca_43,43.36122360229492
chemberta_pca_97,43.27574768066406
chemberta_pca_162,43.01962547302246
chemberta_pca_129,42.55734748840332
chemberta_pca_189,42.20033721923828
chemberta_pca_119,42.1933708190918
chemberta_pca_235,42.16227989196777
chemberta_pca_202,41.928775024414065
chemberta_pca_232,41.9268497467041
chemberta_pca_252,41.9253963470459
chemberta_pca_85,41.898367691040036
chemberta_pca_127,41.87397079467773
chemberta_pca_212,41.8316535949707
chemberta_pca_207,41.83114738464356
chemberta_pca_83,41.631666564941405
chemberta_pca_20,41.4325008392334
mgk_10,41.336978912353516
mgk_48,41.31715984344483
chemberta_pca_160,41.224596405029295
chemberta_pca_205,41.05226154327393
chemberta_pca_101,40.933488082885745
chemberta_pca_51,40.86423835754395
chemberta_pca_73,40.3311222076416
chemberta_pca_135,40.322560501098636
mgk_11,40.26051712036133
chemberta_pca_211,40.05939636230469
chemberta_pca_143,39.992367553710935
chemberta_pca_190,39.66948890686035
chemberta_pca_82,39.127350616455075
chemberta_pca_250,39.12604942321777
chemberta_pca_201,39.0088493347168
chemberta_pca_168,38.965756225585935
mgk_9,38.872183609008786
chemberta_pca_61,38.78798484802246
chemberta_pca_196,38.67809143066406
chemberta_pca_214,38.52799835205078
chemberta_pca_195,38.50768280029297
chemberta_pca_94,38.343257904052734
mgk_18,38.3250228881836
chemberta_pca_76,38.23547649383545
chemberta_pca_155,38.128194427490236
HL_molratio,38.11224193572998
chemberta_pca_88,37.999955368041995
chemberta_pca_144,37.91453247070312
mgk_28,37.90315170288086
chemberta_pca_42,37.73370513916016
chemberta_pca_145,37.6406795501709
chemberta_pca_208,37.64055557250977
chemberta_pca_169,37.52189331054687
chemberta_pca_151,37.46428604125977
chemberta_pca_172,37.39324264526367
chemberta_pca_177,37.28444366455078
chemberta_pca_179,37.18547401428223
chemberta_pca_180,37.02345008850098
chemberta_pca_231,37.009848022460936
chemberta_pca_181,36.90081596374512
chemberta_pca_166,36.74061107635498
chemberta_pca_210,36.486195755004886
chemberta_pca_92,36.410759353637694
chemberta_pca_111,36.41073837280273
chemberta_pca_203,36.36020431518555
chemberta_pca_230,36.34188003540039
chemberta_pca_199,36.248325729370116
chemberta_pca_93,36.16977882385254
chemberta_pca_178,36.05524806976318
chemberta_pca_174,36.01765747070313
chemberta_pca_124,35.97794456481934
chemberta_pca_123,35.953712463378906
chemberta_pca_200,35.843723678588866
chemberta_pca_44,35.837829780578616
chemberta_pca_224,35.66698303222656
chemberta_pca_138,35.599836349487305
chemberta_pca_193,35.489335250854495
chemberta_pca_164,35.44130592346191
chemberta_pca_237,35.34453430175781
chemberta_pca_79,35.284716796875
mgk_25,35.11028900146484
chemberta_pca_192,34.9793643951416
chemberta_pca_183,34.97091178894043
chemberta_pca_157,34.96912460327148
HL_name_MDOA,34.85962600708008
chemberta_pca_240,34.72289066314697
chemberta_pca_71,34.33938331604004
chemberta_pca_113,34.32940559387207
chemberta_pca_102,34.2969554901123
chemberta_pca_117,34.24009399414062
chemberta_pca_58,34.12451934814453
chemberta_pca_57,34.025241470336915
chemberta_pca_171,34.02516174316406
Model_type_BeWo_b30,33.76225471496582
chemberta_pca_246,33.69764385223389
chemberta_pca_110,33.213910293579104
chemberta_pca_185,33.17418098449707
chemberta_pca_187,33.107208251953125
chemberta_pca_56,33.10170555114746
chemberta_pca_239,32.84716644287109
chemberta_pca_194,32.52890129089356
chemberta_pca_1,32.51698532104492
chemberta_pca_103,32.42164974212646
chemberta_pca_255,32.30790252685547
chemberta_pca_10,32.19814910888672
van.der.Waals.Molecular.Volume,32.1953462600708
chemberta_pca_2,32.147926330566406
chemberta_pca_115,32.12802734375
chemberta_pca_91,32.105293655395506
chemberta_pca_218,31.72005271911621
chemberta_pca_11,30.970545959472656
chemberta_pca_95,30.87004623413086
chemberta_pca_148,30.528036880493165
chemberta_pca_68,30.395346069335936
chemberta_pca_244,29.911852073669433
chemberta_pca_158,29.627452087402343
chemberta_pca_87,29.29756565093994
chemberta_pca_229,29.226440048217775
chemberta_pca_8,29.060602760314943
has_ester,26.873543119430543
HL_name_DOTAP,23.544755744934083
chemberta_pca_3,22.270434379577637
chemberta_pca_0,21.883941841125488
chemberta_pca_4,20.75968647003174
IL_to_nucleicacid_massratio,20.02130241394043
IL_molratio,18.93086471557617
HL_name_DOPE,18.18940963745117
Model_type_DC2.4,14.728705787658692
HL_name_14PA,13.672372436523437
HL_name_18PG,12.49251070022583
HL_name_DDAB,8.19850196838379
has_carbonate,7.455412292480469
Model_type_IGROV1,6.182561874389648
has_disulfide,0.0
Cargo_type_FLuc,0.0
Cargo_type_GFP,0.0
Model_type_RAW264.7,0.0
Model_type_HEK293T,0.0
