Starters,,Head Groups,,Linkers,,Lipids,
Old Name,New Name,Old Name,New Name,Old Name,New Name,Old Name,New Name
EtOHA,OH,RSSK,RS2K,HVSK,SHVK,s1(10),s1(10)
PrOHA,OH,SRSK,RS2K,HSVK,SHVK,s1(11),s1(11)
BuOHA,OH,SSRK,RS2K,SHVK,SHVK,s1(12),s1(12)
Et2A,2A,KSSK,KS2K,SSVK,SSVK,s1(13),s1(13)
Pr2A,2A,SKSK,KS2K,SVSK,SSVK,s1(14),s1(14)
Bu2A,2A,SSKK,KS2K,SSHK,SSHK,s1(15),s1(15)
n,n,HSSK,HS2K,SHSK,SSHK,s1(16),s1(16)
,,SHSK,HS2K,HSSK,SSHK,s1(17),s1(17)
,,SSHK,HS2K,HCitVK,HCitVK,s1(18),s1(18)
,,HHSK,H2SK,HAVK,HAVK,s1(7),s1(7)
,,HSHK,H2SK,SCitVK,SCitVK,s1(8),s1(8)
,,SHHK,H2SK,SAVK,SAVK,s1(9),s1(9)
,,RSK,RSK,SHK,SHK,s2(10/10),s2(10/10)
,,SRK,RSK,HSK,SHK,s2(5/10),s2(5/10)
,,KSK,KSK,SVK,SVK,s2(5/5),s2(5/5)
,,SKK,KSK,HVK,HVK,s2(5/6),s2(5/6)
,,HSK,HSK,SSSK,SSSK,s2(5/7),s2(5/7)
,,SHK,HSK,SSK,SSK,s2(5/8),s2(5/8)
,,RHK,RHK,SK,SK,s2(5/9),s2(5/9)
,,HRK,RHK,VK,VK,s2(6/10),s2(6/10)
,,KHK,KHK,HK,HK,s2(6/6),s2(6/6)
,,HKK,KHK,K,K,s2(6/7),s2(6/7)
,,HHHK,HHHK,SSH,SSH,s2(6/8),s2(6/8)
,,HHK,HHK,SHS,SSH,s2(6/9),s2(6/9)
,,HK,HK,HSS,SSH,s2(7/10),s2(7/10)
,,RK,RK,SHV,SHV,s2(7/7),s2(7/7)
,,KK,KK,HSV,SHV,s2(7/8),s2(7/8)
,,K,K,HVS,SHV,s2(7/9),s2(7/9)
,,,,SSV,SSV,s2(8/10),s2(8/10)
,,,,SVS,SSV,s2(8/8),s2(8/8)
,,,,HCitV,HCitV,s2(8/9),s2(8/9)
,,,,HAV,HAV,s2(9/10),s2(9/10)
,,,,SCitV,SCitV,s2(9/9),s2(9/9)
,,,,SAV,SAV,u(HDA),u(HDA)
,,,,SH,SH,u(Hyp),u(Hyp)
,,,,HS,SH,u(Lin),u(Lin)
,,,,CitV,CitV,u(Ole),u(Ole)
,,,,AV,AV,u(Pal),u(Pal)
,,,,SSS,SSS,u(Ste),u(Ste)
,,,,SS,SS,u(aLin),u(aLin)
,,,,SV,SV,,
,,,,HV,HV,,
,,,,S,S,,
,,,,H,H,,
,,,,V,V,,
,,,,n,n,,